Model,PDB ID,Chain,Res ID,Res Name,model pKa,Predict pKa,Target pKa,Predict pKa shift,Target pKa shift
1,1STN,A,6,LYS,10.4,10.473142623901367,,0.0731426239013668,
1,1STN,A,8,HIS,6.34,6.448134422302246,,0.1081344223022462,
1,1STN,A,9,LYS,10.4,10.758559226989746,,0.3585592269897457,
1,1STN,A,10,GLU,4.2,3.7104697227478023,,-0.4895302772521974,
1,1STN,A,16,LYS,10.4,10.314019203186035,,-0.0859807968139652,
1,1STN,A,19,ASP,3.7,2.959437847137451,,-0.740562152862549,
1,1STN,A,21,ASP,3.7,3.4974281787872314,,-0.2025718212127687,
1,1STN,A,24,LYS,10.4,10.056851387023926,,-0.3431486129760746,
1,1STN,A,28,LYS,10.4,10.61977195739746,,0.2197719573974605,
1,1STN,A,40,ASP,3.7,3.4066402912139893,,-0.2933597087860109,
1,1STN,A,43,GLU,4.2,3.6025278568267822,,-0.597472143173218,
1,1STN,A,45,LYS,10.4,10.793973922729492,,0.3939739227294918,
1,1STN,A,46,HIS,6.34,4.129685401916504,,-2.210314598083496,
1,1STN,A,48,LYS,10.4,10.627784729003906,,0.2277847290039059,
1,1STN,A,49,LYS,10.4,10.795138359069824,,0.3951383590698238,
1,1STN,A,52,GLU,4.2,3.416914939880371,,-0.7830850601196291,
1,1STN,A,53,LYS,10.4,10.64132022857666,,0.2413202285766598,
1,1STN,A,57,GLU,4.2,3.665923595428467,,-0.5340764045715334,
1,1STN,A,63,LYS,10.4,10.72532844543457,,0.3253284454345699,
1,1STN,A,64,LYS,10.4,10.6923828125,,0.2923828124999996,
1,1STN,A,67,GLU,4.2,4.135712623596191,,-0.0642873764038087,
1,1STN,A,70,LYS,10.4,10.703556060791016,,0.3035560607910152,
1,1STN,A,71,LYS,10.4,10.695185661315918,,0.2951856613159176,
1,1STN,A,73,GLU,4.2,3.825006008148194,,-0.3749939918518068,
1,1STN,A,75,GLU,4.2,3.674394130706787,,-0.5256058692932131,
1,1STN,A,77,ASP,3.7,3.669085741043091,,-0.0309142589569093,
1,1STN,A,78,LYS,10.4,10.462504386901855,,0.0625043869018551,
1,1STN,A,83,ASP,3.7,2.7064943313598637,,-0.9935056686401368,
1,1STN,A,84,LYS,10.4,10.42299461364746,,0.0229946136474605,
1,1STN,A,95,ASP,3.7,2.989731550216675,,-0.7102684497833254,
1,1STN,A,97,LYS,10.4,10.85837173461914,,0.4583717346191402,
1,1STN,A,101,GLU,4.2,3.2961885929107666,,-0.9038114070892336,
1,1STN,A,110,LYS,10.4,10.762776374816896,,0.3627763748168942,
1,1STN,A,116,LYS,10.4,10.713488578796388,,0.3134885787963863,
1,1STN,A,121,HIS,6.34,5.544171333312988,,-0.7958286666870116,
1,1STN,A,122,GLU,4.2,2.860544443130493,,-1.339455556869507,
1,1STN,A,124,HIS,6.34,5.82475471496582,,-0.5152452850341795,
1,1STN,A,127,LYS,10.4,10.467994689941406,,0.0679946899414059,
1,1STN,A,129,GLU,4.2,3.532907247543335,,-0.6670927524566652,
1,1STN,A,133,LYS,10.4,10.470763206481934,,0.0707632064819332,
1,1STN,A,134,LYS,10.4,10.712424278259276,,0.312424278259277,
1,1STN,A,135,GLU,4.2,4.128772735595703,,-0.071227264404297,
1,1STN,A,136,LYS,10.4,10.987005233764648,,0.5870052337646481,
