Residue Name_Aspartate,Residue Name_Glutamate,Residue Name_Histidine,Residue Name_Lysine,atom_label,recalculated_x,recalculated_y,recalculated_z,Dipole_X,Dipole_Y,Dipole_Z,Radius_9A_N_Count,Radius_9A_CA_C_Count,Radius_9A_O_Count,Radius_9A_S_Count,Number of H-Bonds as donor,Number of H-Bonds as acceptor,SASA_Value,Expt.pKa
0,0,1,0,0,-0.5172290312913712,-0.9829279098107296,-0.9307702192735312,0.124139,-0.029846,-0.308067,0.625,0.743589744,0.676470588,0.0,0,0,0.0,4.6
0,0,1,0,1,0.0,0.0,0.0,0.493067,0.299282,-0.283066,0.59375,0.658119658,0.647058824,0.333333333,0,0,0.0,4.6
0,0,1,0,2,1.5281158286874077,6.877315699045537e-17,1.3182583188469557e-17,0.176507,-0.181013,-0.151807,0.59375,0.632478632,0.558823529,0.333333333,0,0,0.0,4.6
0,0,1,0,3,2.1364456500926936,1.0684549040296525,1.105322771734264e-16,0.043667,-0.116471,-0.245186,0.625,0.641025641,0.5,0.333333333,0,0,0.0,4.6
0,0,1,0,4,-0.8785436434914554,-1.8454661386301905,-0.5045267997035742,-0.078073,-0.180413,-0.199101,0.71875,0.717948718,0.705882353,0.0,0,0,0.0,4.6
0,0,1,0,4,-0.2941423288260075,1.0122345785652795,-0.3717926423257787,0.122196,0.217034,0.280295,0.65625,0.743589744,0.588235294,0.333333333,0,0,0.0,4.6
0,0,1,0,5,-0.5366532020052478,-0.1804416085662164,1.4548569111357832,-0.155891,0.132544,-0.194567,0.65625,0.683760684,0.735294118,0.0,0,0,0.0,4.6
0,0,1,0,5,0.1137786485997902,0.7795752303931021,2.414173962691245,0.027195,-0.307523,0.017014,0.53125,0.632478632,0.647058824,0.333333333,0,0,0.0,4.6
0,0,1,0,6,1.2894172321658912,0.5086457386230925,3.0736030885038206,-0.041379,-0.346892,-0.02833,0.53125,0.564102564,0.558823529,0.333333333,0,0,0.0,4.6
0,0,1,0,5,-0.1437023431172892,2.107566501046794,2.665702682532502,-0.114253,-0.229889,0.030926,0.625,0.700854701,0.617647059,0.333333333,0,0,0.001257946,4.6
0,0,1,0,5,1.7718076574566113,1.618714975703743,3.671768324367641,0.118861,-0.208904,0.020688,0.53125,0.504273504,0.529411765,0.333333333,0,0,0.0,4.6
0,0,1,0,6,0.8757089647546235,2.6005361402100893,3.443008028553027,-0.041328,-0.12696,0.022535,0.59375,0.598290598,0.558823529,0.333333333,0,0,0.0,4.6
0,0,1,0,7,-0.344499043531396,-1.2223200529706286,1.813251789456673,-0.007327,-0.096573,-0.022252,0.6875,0.632478632,0.676470588,0.0,0,0,0.0,4.6
0,0,1,0,7,-1.6447055728974609,-0.0498363820599131,1.4763858208941232,0.072902,0.031899,0.033455,0.78125,0.786324786,0.705882353,0.0,0,0,0.0,4.6
0,0,1,0,7,1.7279989598669103,-0.4253118369043914,3.122151054420155,-0.174164,-0.202218,-0.417738,0.5,0.521367521,0.529411765,0.0,0,0,0.000884882,4.6
0,0,1,0,7,-0.946506805569429,2.719651532477121,2.300398874894439,-0.170606,-0.167199,-0.001043,0.71875,0.709401709,0.588235294,0.333333333,0,0,0.008848819,4.6
0,0,1,0,7,2.704319852387547,1.7020469639716742,4.212383419689071,0.008183,-0.037236,0.065843,0.46875,0.452991453,0.558823529,0.333333333,0,0,0.0831789,4.6
0,0,1,0,7,0.95807650256628,3.5762977377388787,3.759305832612605,0.023762,-0.015321,-0.018329,0.59375,0.572649573,0.441176471,0.333333333,0,0,0.055747557,4.6
