Residue Name_Aspartate,Residue Name_Glutamate,Residue Name_Histidine,Residue Name_Lysine,atom_label,recalculated_x,recalculated_y,recalculated_z,Radius_8A_N_Count,Radius_8A_CA_C_Count,Radius_8A_O_Count,Radius_8A_S_Count,Number of H-Bonds as donor,Number of H-Bonds as acceptor,SASA_Value,Expt.pKa,atomic_charge
0,0,1,0,0,-0.579272598475812,-1.1352372235769286,-0.706104415123874,0.576923077,0.619565217,0.461538462,0.0,0,0,0.0,6.79,-0.47
0,0,1,0,1,0.0,0.0,0.0,0.615384615,0.565217391,0.5,0.0,0,0,0.0,6.79,0.07
0,0,1,0,2,1.530551003397796,-4.566154119850035e-20,3.356698282762579e-17,0.538461538,0.5,0.423076923,0.0,0,0,0.001257946,6.79,0.51
0,0,1,0,3,2.1219489453040445,1.073355863061293,1.623033755162011e-17,0.538461538,0.423913043,0.423076923,0.0,0,0,0.025670372,6.79,-0.51
0,0,1,0,4,-1.006450657869152,-1.8789044130556265,-0.1358770855878422,0.538461538,0.576086957,0.461538462,0.0,0,0,0.0,6.79,0.31
0,0,1,0,4,-0.257631897606561,0.9356720188098254,-0.5582079413103951,0.538461538,0.554347826,0.576923077,0.0,0,0,0.0,6.79,0.09
0,0,1,0,5,-0.4961757805196269,0.115961169637665,1.4666517086987636,0.5,0.532608696,0.346153846,0.0,0,0,0.010063569,6.79,-0.08
0,0,1,0,5,-1.8604962426311915,0.7203673083446344,1.6216723518628935,0.576923077,0.52173913,0.384615385,0.0,0,0,0.028932761,6.79,0.22
0,0,1,0,6,-2.159464827830355,2.0129934262169504,1.2520063606176142,0.538461538,0.489130435,0.5,0.0,0,0,0.029618025,6.79,-0.7
0,0,1,0,5,-3.0280945122064886,0.1794994969320075,2.1144713878679258,0.423076923,0.434782609,0.423076923,0.0,0,0,0.07170293,6.79,-0.05
0,0,1,0,5,-3.453609905246109,2.2792311008757067,1.517899344845993,0.461538462,0.47826087,0.461538462,0.0,0,0,0.0817665,6.79,0.25
0,0,1,0,6,-3.986267214896124,1.156445991301246,2.0450558461852792,0.461538462,0.423913043,0.423076923,0.0,1,0,0.010252393,6.79,-0.36
0,0,1,0,7,0.2036056716882947,0.7626215309436093,2.045514245332841,0.461538462,0.413043478,0.384615385,0.0,0,0,0.15927874,6.79,0.09
0,0,1,0,7,-0.4633813223548416,-0.8724632299782541,1.980622836984768,0.423076923,0.47826087,0.423076923,0.0,0,0,0.049553387,6.79,0.09
0,0,1,0,7,-1.5185147986531609,2.7032015021358995,0.83090195023936,0.5,0.489130435,0.538461538,0.0,0,0,0.04689874,6.79,0.09
0,0,1,0,7,-3.2127722282456816,-0.8165294942576795,2.4919042344011904,0.346153846,0.402173913,0.461538462,0.0,0,0,0.030970866,6.79,0.09
0,0,1,0,7,-3.9515318038075833,3.211336631173792,1.3122018470812922,0.461538462,0.413043478,0.461538462,0.0,0,0,0.069020785,6.79,0.13
0,0,1,0,7,-4.96236436627979,1.0603953653083815,2.3432863354449656,0.423076923,0.391304348,0.384615385,0.0,0,0,0.0,6.79,0.32
