Residue Name_Aspartate,Residue Name_Glutamate,Residue Name_Histidine,Residue Name_Lysine,atom_label,recalculated_x,recalculated_y,recalculated_z,Dipole_X,Dipole_Y,Dipole_Z,Radius_8A_N_Count,Radius_8A_CA_C_Count,Radius_8A_O_Count,Radius_8A_S_Count,Number of H-Bonds as donor,Number of H-Bonds as acceptor,SASA_Value
0.0,0.0,0.0,1.0,0,-0.4742593832245791,1.201656142093581,0.6747613939839873,-0.256934,-0.025782,0.017807,0.5652173913043478,0.6904761904761905,0.7083333333333333,0.0,0.0,0.0,0.0
0.0,0.0,0.0,1.0,1,0.0,0.0,0.0,0.005217,0.561723,0.154251,0.5652173913043478,0.6309523809523809,0.7083333333333333,0.0,0.0,0.0,0.0
0.0,0.0,0.0,1.0,2,1.5333669448974037,5.551115123125783e-17,0.0,0.465161,0.035847,0.323376,0.6086956521739131,0.5952380952380952,0.6666666666666666,0.0,0.0,0.0,0.0
0.0,0.0,0.0,1.0,3,2.1749321412567286,1.0589963814944885,1.1102230246251563e-16,0.455528,-0.001914,0.313481,0.6086956521739131,0.6309523809523809,0.75,0.0,0.0,0.0,0.0
0.0,0.0,0.0,1.0,4,-0.1962779898937609,2.0797745248194373,0.2143056889897039,-0.374184,-0.055178,-0.031042,0.5217391304347826,0.6785714285714285,0.75,0.0,0.0,0.0,0.0
0.0,0.0,0.0,1.0,4,-0.3358130914987575,-0.9009854979901404,0.5750230177519035,0.493487,0.034749,0.054657,0.6086956521739131,0.6904761904761905,0.625,0.0,0.0,0.0,0.0
0.0,0.0,0.0,1.0,5,-0.5302027956996266,-0.0786866378193946,-1.472189403929732,0.041918,0.007034,0.178547,0.4782608695652174,0.5595238095238095,0.5416666666666666,0.0,0.0,0.0,0.0
0.0,0.0,0.0,1.0,5,-2.066874847849319,0.0651161740300587,-1.554369122712666,0.036705,-0.008566,-0.188051,0.3913043478260869,0.5595238095238095,0.5,0.0,0.0,0.0,0.0
0.0,0.0,0.0,1.0,5,-2.7252464424290803,-0.2557441819482233,-2.913691984072318,0.379048,-0.031354,-0.303406,0.3913043478260869,0.44047619047619047,0.3333333333333333,0.0,0.0,0.0,0.0
0.0,0.0,0.0,1.0,5,-2.510081832985853,0.8041685308798896,-4.019805083905918,0.015658,0.297011,0.301209,0.30434782608695654,0.3333333333333333,0.375,0.0,0.0,0.0,0.008805623
0.0,0.0,0.0,1.0,6,-3.4626853372812545,0.6499649788189426,-5.1146043221897735,0.099944,0.093367,0.242277,0.08695652173913043,0.25,0.3333333333333333,0.0,0.0,0.0,0.010252393
0.0,0.0,0.0,1.0,7,-0.2125474461860186,-1.0631759252567887,-1.896443344742777,0.063338,-0.029386,-0.013925,0.3913043478260869,0.5,0.375,0.0,0.0,0.0,0.031855747
0.0,0.0,0.0,1.0,7,-0.0373327979649563,0.7053612363971218,-2.094573565880042,0.018033,0.00905,-0.030918,0.43478260869565216,0.5357142857142857,0.5,0.0,0.0,0.0,0.0
0.0,0.0,0.0,1.0,7,-2.3655430060524054,1.0903830176547646,-1.2307290675890632,-0.02838,0.007054,-0.051596,0.43478260869565216,0.5952380952380952,0.5416666666666666,0.0,0.0,0.0,0.0
0.0,0.0,0.0,1.0,7,-2.506224829104509,-0.6291879082841024,-0.7987835203571462,0.032173,0.020592,-0.027662,0.5652173913043478,0.5952380952380952,0.5,0.0,0.0,0.0,0.0
0.0,0.0,0.0,1.0,7,-3.82365733812156,-0.3666999356364564,-2.734014622068868,0.080974,0.080757,0.006187,0.34782608695652173,0.42857142857142855,0.29166666666666663,0.0,0.0,0.0,0.015927874
0.0,0.0,0.0,1.0,7,-2.3903573566947074,-1.258124521059223,-3.2712775170231287,0.037511,-0.009662,0.048713,0.30434782608695654,0.38095238095238093,0.29166666666666663,0.0,0.0,0.0,0.054862678
0.0,0.0,0.0,1.0,7,-1.4794669746867293,0.7025683180012829,-4.432050584227143,-0.036755,0.109771,0.033672,0.21739130434782608,0.30952380952380953,0.3333333333333333,0.0,0.0,0.0,0.14866015
0.0,0.0,0.0,1.0,7,-2.594926865344826,1.8402815900001093,-3.622675247365591,-0.106148,0.012585,-0.05151,0.30434782608695654,0.40476190476190477,0.4583333333333333,0.0,0.0,0.0,0.11768929
0.0,0.0,0.0,1.0,7,-3.15238992193184,1.0843961635919277,-5.977766721060273,0.112247,0.045288,0.001867,0.043478260869565216,0.20238095238095238,0.20833333333333331,0.0,0.0,0.0,0.28581685
0.0,0.0,0.0,1.0,7,-4.392502245193922,0.9993481006838736,-4.884580857696175,0.076523,0.074632,0.037023,0.08695652173913043,0.26190476190476186,0.29166666666666663,0.0,0.0,0.0,0.2495367
0.0,0.0,0.0,1.0,7,-3.564335112619558,-0.341778764433561,-5.32340898584982,0.328798,-0.104712,0.338408,0.13043478260869565,0.17857142857142855,0.25,0.0,0.0,0.0,0.18936472
