Residue Name_Aspartate,Residue Name_Glutamate,Residue Name_Histidine,Residue Name_Tyrosine,atom_label,recalculated_x,recalculated_y,recalculated_z,Dipole_X,Dipole_Y,Dipole_Z,Radius_11A_N_Count,Radius_11A_CA_C_Count,Radius_11A_O_Count,Radius_11A_S_Count,Number of H-Bonds as donor,Number of H-Bonds as acceptor,SASA_Value
0.0,1.0,0.0,0.0,0,-0.6434557661122091,-1.2927104996744767,-0.1674272167997826,0.192556,0.014571,-0.182785,0.5106382978723404,0.453125,0.4222222222222223,0.0,0,0,0.0
0.0,1.0,0.0,0.0,1,0.0,0.0,0.0,-0.258817,0.199453,-0.677692,0.3617021276595745,0.3489583333333333,0.33333333333333337,0.0,0,0,0.0
0.0,1.0,0.0,0.0,2,1.538125206052486,-5.551115123125783e-17,0.0,0.086879,0.256276,-0.196374,0.4042553191489362,0.359375,0.33333333333333337,0.0,0,0,0.0163533
0.0,1.0,0.0,0.0,3,2.1335179191992406,1.0820533327104265,0.0,-0.039283,0.346426,0.142661,0.3404255319148936,0.2864583333333333,0.2666666666666667,0.0,0,0,0.22991724
0.0,1.0,0.0,0.0,4,-0.5366798392203402,-1.955739368663599,0.6141340186919639,0.341024,0.044538,0.009471,0.5106382978723404,0.5,0.4222222222222223,0.0,0,0,0.0
0.0,1.0,0.0,0.0,4,-0.2199703457564006,0.604060526496847,-0.9200370483965068,-0.417759,0.063654,0.059849,0.3617021276595745,0.3125,0.2888888888888889,0.0,0,0,0.096452124
0.0,1.0,0.0,0.0,5,-0.5538883630224617,0.8341936015005256,1.191458595007347,0.243072,-0.174896,-0.318765,0.3617021276595745,0.30729166666666663,0.2888888888888889,0.0,0,0,0.0025158923
0.0,1.0,0.0,0.0,5,-0.5240327376069894,0.1564311575045512,2.571541512741513,-0.43989,0.445011,0.286467,0.425531914893617,0.34375,0.3111111111111111,0.0,0,0,0.0
0.0,1.0,0.0,0.0,5,-0.506992430072293,1.156882745383692,3.7097577572544926,-0.037766,0.410223,0.292612,0.3191489361702128,0.265625,0.3111111111111111,0.0,0,0,0.020127138
0.0,1.0,0.0,0.0,8,-1.600688716688245,1.5587476066863926,4.1941094433862105,-0.250688,0.332412,0.4813,0.3404255319148936,0.26041666666666663,0.2888888888888889,0.0,0,0,0.29241902
0.0,1.0,0.0,0.0,8,0.6182566327598142,1.5301182984371806,4.146053021068257,-0.065501,0.548998,-0.206803,0.3404255319148936,0.24479166666666663,0.2666666666666667,0.0,0,0,0.23884608
0.0,1.0,0.0,0.0,7,-1.5948358768800337,1.1731314573651364,0.9769410287298024,-0.041997,0.015744,0.005346,0.3829787234042553,0.28125,0.2888888888888889,0.0,0,0,0.15485433
0.0,1.0,0.0,0.0,7,0.038425664325266,1.7797069820441704,1.2364238763479911,-0.106497,-0.02565,0.052704,0.3191489361702128,0.24479166666666663,0.2888888888888889,0.0,0,0,0.11238
0.0,1.0,0.0,0.0,7,0.3753267606754928,-0.4905592150624721,2.6641925902995727,0.123046,0.045278,0.056984,0.4042553191489362,0.375,0.4,0.0,0,0,0.0
0.0,1.0,0.0,0.0,7,-1.4037083017046177,-0.5167354702664134,2.692579912094736,0.074749,0.14445,-0.011907,0.4468085106382979,0.36979166666666663,0.33333333333333337,0.0,0,0,0.0
