PDB,atom_number,Chain ID,Residue ID,Residue Name,atom_name,Number of H-Bonds as donor,Number of H-Bonds as acceptor
2RBM,1,A,1,LYS,N,0,0
2RBM,2,A,1,LYS,CA,0,0
2RBM,3,A,1,LYS,C,0,0
2RBM,4,A,1,LYS,O,0,0
2RBM,5,A,1,LYS,H,0,0
2RBM,6,A,1,LYS,H,0,0
2RBM,7,A,1,LYS,H,0,0
2RBM,8,A,1,LYS,H,0,0
2RBM,9,A,1,LYS,C,0,0
2RBM,10,A,1,LYS,C,0,0
2RBM,11,A,1,LYS,C,0,0
2RBM,12,A,1,LYS,C,0,0
2RBM,13,A,1,LYS,N,0,0
2RBM,14,A,1,LYS,H,0,0
2RBM,15,A,1,LYS,H,0,0
2RBM,16,A,1,LYS,H,0,0
2RBM,17,A,1,LYS,H,0,0
2RBM,18,A,1,LYS,H,0,0
2RBM,19,A,1,LYS,H,0,0
2RBM,20,A,1,LYS,H,0,0
2RBM,21,A,1,LYS,H,0,0
2RBM,22,A,1,LYS,H,0,0
2RBM,23,A,1,LYS,H,0,0
2RBM,24,A,1,LYS,H,0,0
2RBM,25,A,2,LEU,N,0,0
2RBM,26,A,2,LEU,CA,0,0
2RBM,27,A,2,LEU,C,0,0
2RBM,28,A,2,LEU,O,0,0
2RBM,29,A,2,LEU,H,0,0
2RBM,30,A,2,LEU,H,0,0
2RBM,31,A,2,LEU,C,0,0
2RBM,32,A,2,LEU,C,0,0
2RBM,33,A,2,LEU,C,0,0
2RBM,34,A,2,LEU,C,0,0
2RBM,35,A,2,LEU,H,0,0
2RBM,36,A,2,LEU,H,0,0
2RBM,37,A,2,LEU,H,0,0
2RBM,38,A,2,LEU,H,0,0
2RBM,39,A,2,LEU,H,0,0
2RBM,40,A,2,LEU,H,0,0
2RBM,41,A,2,LEU,H,0,0
2RBM,42,A,2,LEU,H,0,0
2RBM,43,A,2,LEU,H,0,0
2RBM,44,A,3,HIS,N,0,0
2RBM,45,A,3,HIS,CA,0,0
2RBM,46,A,3,HIS,C,0,0
2RBM,47,A,3,HIS,O,0,0
2RBM,48,A,3,HIS,H,0,0
2RBM,49,A,3,HIS,H,0,0
2RBM,50,A,3,HIS,C,0,0
2RBM,51,A,3,HIS,C,0,0
2RBM,52,A,3,HIS,N,0,0
2RBM,53,A,3,HIS,C,0,0
2RBM,54,A,3,HIS,C,0,0
2RBM,55,A,3,HIS,N,0,0
2RBM,56,A,3,HIS,H,0,0
2RBM,57,A,3,HIS,H,0,0
2RBM,58,A,3,HIS,H,0,0
2RBM,59,A,3,HIS,H,0,0
2RBM,60,A,3,HIS,H,0,0
2RBM,61,A,3,HIS,H,0,0
2RBM,62,A,4,LYS,N,0,0
2RBM,63,A,4,LYS,CA,0,0
2RBM,64,A,4,LYS,C,0,0
2RBM,65,A,4,LYS,O,0,0
2RBM,66,A,4,LYS,H,0,0
2RBM,67,A,4,LYS,H,0,0
2RBM,68,A,4,LYS,C,0,0
2RBM,69,A,4,LYS,C,0,0
2RBM,70,A,4,LYS,C,0,0
2RBM,71,A,4,LYS,C,0,0
2RBM,72,A,4,LYS,N,0,0
2RBM,73,A,4,LYS,H,0,0
2RBM,74,A,4,LYS,H,0,0
2RBM,75,A,4,LYS,H,0,0
2RBM,76,A,4,LYS,H,0,0
2RBM,77,A,4,LYS,H,0,0
2RBM,78,A,4,LYS,H,0,0
2RBM,79,A,4,LYS,H,0,0
2RBM,80,A,4,LYS,H,0,0
2RBM,81,A,4,LYS,H,0,0
2RBM,82,A,4,LYS,H,0,0
2RBM,83,A,4,LYS,H,0,0
2RBM,84,A,5,GLU,N,0,0
2RBM,85,A,5,GLU,CA,0,0
2RBM,86,A,5,GLU,C,0,0
2RBM,87,A,5,GLU,O,0,0
2RBM,88,A,5,GLU,H,0,0
2RBM,89,A,5,GLU,H,0,0
2RBM,90,A,5,GLU,C,0,0
2RBM,91,A,5,GLU,C,0,0
2RBM,92,A,5,GLU,C,0,0
2RBM,93,A,5,GLU,O,0,0
2RBM,94,A,5,GLU,O,0,0
2RBM,95,A,5,GLU,H,0,0
2RBM,96,A,5,GLU,H,0,0
2RBM,97,A,5,GLU,H,0,0
2RBM,98,A,5,GLU,H,0,0
2RBM,99,A,6,PRO,N,0,0
2RBM,100,A,6,PRO,CA,0,0
2RBM,101,A,6,PRO,C,0,0
2RBM,102,A,6,PRO,O,0,0
2RBM,103,A,6,PRO,H,0,0
2RBM,104,A,6,PRO,C,0,0
2RBM,105,A,6,PRO,C,0,0
2RBM,106,A,6,PRO,C,0,0
2RBM,107,A,6,PRO,H,0,0
2RBM,108,A,6,PRO,H,0,0
2RBM,109,A,6,PRO,H,0,0
2RBM,110,A,6,PRO,H,0,0
2RBM,111,A,6,PRO,H,0,0
2RBM,112,A,6,PRO,H,0,0
2RBM,113,A,7,ALA,N,0,0
2RBM,114,A,7,ALA,CA,0,0
2RBM,115,A,7,ALA,C,0,0
2RBM,116,A,7,ALA,O,0,0
2RBM,117,A,7,ALA,H,0,0
2RBM,118,A,7,ALA,H,0,0
2RBM,119,A,7,ALA,C,0,0
2RBM,120,A,7,ALA,H,0,0
2RBM,121,A,7,ALA,H,0,0
2RBM,122,A,7,ALA,H,0,0
2RBM,123,A,8,THR,N,0,0
2RBM,124,A,8,THR,CA,0,0
2RBM,125,A,8,THR,C,0,0
2RBM,126,A,8,THR,O,0,0
2RBM,127,A,8,THR,H,0,0
2RBM,128,A,8,THR,H,0,0
2RBM,129,A,8,THR,C,0,0
2RBM,130,A,8,THR,OH,0,0
2RBM,131,A,8,THR,C,0,0
2RBM,132,A,8,THR,H,0,0
2RBM,133,A,8,THR,HO,0,0
2RBM,134,A,8,THR,H,0,0
2RBM,135,A,8,THR,H,0,0
2RBM,136,A,8,THR,H,0,0
2RBM,137,A,9,LEU,N,0,0
2RBM,138,A,9,LEU,CA,0,0
2RBM,139,A,9,LEU,C,0,0
2RBM,140,A,9,LEU,O,0,0
2RBM,141,A,9,LEU,H,0,0
2RBM,142,A,9,LEU,H,0,0
2RBM,143,A,9,LEU,C,0,0
2RBM,144,A,9,LEU,C,0,0
2RBM,145,A,9,LEU,C,0,0
2RBM,146,A,9,LEU,C,0,0
2RBM,147,A,9,LEU,H,0,0
2RBM,148,A,9,LEU,H,0,0
2RBM,149,A,9,LEU,H,0,0
2RBM,150,A,9,LEU,H,0,0
2RBM,151,A,9,LEU,H,0,0
2RBM,152,A,9,LEU,H,0,0
2RBM,153,A,9,LEU,H,0,0
2RBM,154,A,9,LEU,H,0,0
2RBM,155,A,9,LEU,H,0,0
2RBM,156,A,10,ILE,N,0,0
2RBM,157,A,10,ILE,CA,0,0
2RBM,158,A,10,ILE,C,0,0
2RBM,159,A,10,ILE,O,0,0
2RBM,160,A,10,ILE,H,0,0
2RBM,161,A,10,ILE,H,0,0
2RBM,162,A,10,ILE,C,0,0
2RBM,163,A,10,ILE,C,0,0
2RBM,164,A,10,ILE,C,0,0
2RBM,165,A,10,ILE,C,0,0
2RBM,166,A,10,ILE,H,0,0
2RBM,167,A,10,ILE,H,0,0
2RBM,168,A,10,ILE,H,0,0
2RBM,169,A,10,ILE,H,0,0
2RBM,170,A,10,ILE,H,0,0
2RBM,171,A,10,ILE,H,0,0
2RBM,172,A,10,ILE,H,0,0
2RBM,173,A,10,ILE,H,0,0
2RBM,174,A,10,ILE,H,0,0
2RBM,175,A,11,LYS,N,0,0
2RBM,176,A,11,LYS,CA,0,0
2RBM,177,A,11,LYS,C,0,0
2RBM,178,A,11,LYS,O,0,0
2RBM,179,A,11,LYS,H,0,0
2RBM,180,A,11,LYS,H,0,0
2RBM,181,A,11,LYS,C,0,0
2RBM,182,A,11,LYS,C,0,0
2RBM,183,A,11,LYS,C,0,0
2RBM,184,A,11,LYS,C,0,0
2RBM,185,A,11,LYS,N,0,0
2RBM,186,A,11,LYS,H,0,0
2RBM,187,A,11,LYS,H,0,0
2RBM,188,A,11,LYS,H,0,0
2RBM,189,A,11,LYS,H,0,0
2RBM,190,A,11,LYS,H,0,0
2RBM,191,A,11,LYS,H,0,0
2RBM,192,A,11,LYS,H,0,0
2RBM,193,A,11,LYS,H,0,0
2RBM,194,A,11,LYS,H,0,0
2RBM,195,A,11,LYS,H,0,0
2RBM,196,A,11,LYS,H,0,0
2RBM,197,A,12,ALA,N,0,0
2RBM,198,A,12,ALA,CA,0,0
2RBM,199,A,12,ALA,C,0,0
2RBM,200,A,12,ALA,O,0,0
2RBM,201,A,12,ALA,H,0,0
2RBM,202,A,12,ALA,H,0,0
2RBM,203,A,12,ALA,C,0,0
2RBM,204,A,12,ALA,H,0,0
2RBM,205,A,12,ALA,H,0,0
2RBM,206,A,12,ALA,H,0,0
2RBM,207,A,13,ILE,N,0,0
2RBM,208,A,13,ILE,CA,0,0
2RBM,209,A,13,ILE,C,0,0
2RBM,210,A,13,ILE,O,0,0
2RBM,211,A,13,ILE,H,0,0
2RBM,212,A,13,ILE,H,0,0
2RBM,213,A,13,ILE,C,0,0
2RBM,214,A,13,ILE,C,0,0
2RBM,215,A,13,ILE,C,0,0
2RBM,216,A,13,ILE,C,0,0
2RBM,217,A,13,ILE,H,0,0
2RBM,218,A,13,ILE,H,0,0
2RBM,219,A,13,ILE,H,0,0
2RBM,220,A,13,ILE,H,0,0
2RBM,221,A,13,ILE,H,0,0
2RBM,222,A,13,ILE,H,0,0
2RBM,223,A,13,ILE,H,0,0
2RBM,224,A,13,ILE,H,0,0
2RBM,225,A,13,ILE,H,0,0
2RBM,226,A,14,ASP,N,0,0
2RBM,227,A,14,ASP,CA,0,0
2RBM,228,A,14,ASP,C,0,0
2RBM,229,A,14,ASP,O,0,0
2RBM,230,A,14,ASP,H,0,0
2RBM,231,A,14,ASP,H,0,0
2RBM,232,A,14,ASP,C,0,0
2RBM,233,A,14,ASP,C,0,0
2RBM,234,A,14,ASP,O,0,0
2RBM,235,A,14,ASP,O,0,0
2RBM,236,A,14,ASP,H,0,0
2RBM,237,A,14,ASP,H,0,0
2RBM,238,A,15,GLY,N,0,0
2RBM,239,A,15,GLY,CA,0,0
2RBM,240,A,15,GLY,C,0,0
2RBM,241,A,15,GLY,O,0,0
2RBM,242,A,15,GLY,H,0,0
2RBM,243,A,15,GLY,H,0,0
2RBM,244,A,15,GLY,H,0,0
2RBM,245,A,16,ASP,N,0,0
2RBM,246,A,16,ASP,CA,0,0
2RBM,247,A,16,ASP,C,0,0
2RBM,248,A,16,ASP,O,0,0
2RBM,249,A,16,ASP,H,0,0
2RBM,250,A,16,ASP,H,0,0
2RBM,251,A,16,ASP,C,0,0
2RBM,252,A,16,ASP,C,0,0
2RBM,253,A,16,ASP,O,0,0
2RBM,254,A,16,ASP,O,0,0
2RBM,255,A,16,ASP,H,0,0
2RBM,256,A,16,ASP,H,0,0
2RBM,257,A,17,THR,N,0,0
2RBM,258,A,17,THR,CA,0,0
2RBM,259,A,17,THR,C,0,0
2RBM,260,A,17,THR,O,0,0
2RBM,261,A,17,THR,H,0,0
2RBM,262,A,17,THR,H,0,0
2RBM,263,A,17,THR,C,0,0
2RBM,264,A,17,THR,OH,0,0
2RBM,265,A,17,THR,C,0,0
2RBM,266,A,17,THR,H,0,0
2RBM,267,A,17,THR,HO,0,0
2RBM,268,A,17,THR,H,0,0
2RBM,269,A,17,THR,H,0,0
2RBM,270,A,17,THR,H,0,0
2RBM,271,A,18,VAL,N,0,0
2RBM,272,A,18,VAL,CA,0,0
2RBM,273,A,18,VAL,C,0,0
2RBM,274,A,18,VAL,O,0,0
2RBM,275,A,18,VAL,H,0,0
2RBM,276,A,18,VAL,H,0,0
2RBM,277,A,18,VAL,C,0,0
2RBM,278,A,18,VAL,C,0,0
2RBM,279,A,18,VAL,C,0,0
2RBM,280,A,18,VAL,H,0,0
2RBM,281,A,18,VAL,H,0,0
2RBM,282,A,18,VAL,H,0,0
2RBM,283,A,18,VAL,H,0,0
2RBM,284,A,18,VAL,H,0,0
2RBM,285,A,18,VAL,H,0,0
2RBM,286,A,18,VAL,H,0,0
2RBM,287,A,19,LYS,N,0,0
2RBM,288,A,19,LYS,CA,0,0
2RBM,289,A,19,LYS,C,0,0
2RBM,290,A,19,LYS,O,0,0
2RBM,291,A,19,LYS,H,0,0
2RBM,292,A,19,LYS,H,0,0
2RBM,293,A,19,LYS,C,0,0
2RBM,294,A,19,LYS,C,0,0
2RBM,295,A,19,LYS,C,0,0
2RBM,296,A,19,LYS,C,0,0
2RBM,297,A,19,LYS,N,1,0
2RBM,298,A,19,LYS,H,0,0
2RBM,299,A,19,LYS,H,0,0
2RBM,300,A,19,LYS,H,0,0
2RBM,301,A,19,LYS,H,0,0
2RBM,302,A,19,LYS,H,0,0
2RBM,303,A,19,LYS,H,0,0
2RBM,304,A,19,LYS,H,0,0
2RBM,305,A,19,LYS,H,0,0
2RBM,306,A,19,LYS,H,0,0
2RBM,307,A,19,LYS,H,0,0
2RBM,308,A,19,LYS,H,0,0
2RBM,309,A,20,LEU,N,0,0
2RBM,310,A,20,LEU,CA,0,0
2RBM,311,A,20,LEU,C,0,0
2RBM,312,A,20,LEU,O,0,0
2RBM,313,A,20,LEU,H,0,0
2RBM,314,A,20,LEU,H,0,0
2RBM,315,A,20,LEU,C,0,0
2RBM,316,A,20,LEU,C,0,0
2RBM,317,A,20,LEU,C,0,0
2RBM,318,A,20,LEU,C,0,0
2RBM,319,A,20,LEU,H,0,0
2RBM,320,A,20,LEU,H,0,0
2RBM,321,A,20,LEU,H,0,0
2RBM,322,A,20,LEU,H,0,0
2RBM,323,A,20,LEU,H,0,0
2RBM,324,A,20,LEU,H,0,0
2RBM,325,A,20,LEU,H,0,0
2RBM,326,A,20,LEU,H,0,0
2RBM,327,A,20,LEU,H,0,0
2RBM,328,A,21,MET,N,0,0
2RBM,329,A,21,MET,CA,0,0
2RBM,330,A,21,MET,C,0,0
2RBM,331,A,21,MET,O,0,0
2RBM,332,A,21,MET,H,0,0
2RBM,333,A,21,MET,H,0,0
2RBM,334,A,21,MET,C,0,0
2RBM,335,A,21,MET,C,0,0
2RBM,336,A,21,MET,S,0,0
2RBM,337,A,21,MET,C,0,0
2RBM,338,A,21,MET,H,0,0
2RBM,339,A,21,MET,H,0,0
2RBM,340,A,21,MET,H,0,0
2RBM,341,A,21,MET,H,0,0
2RBM,342,A,21,MET,H,0,0
2RBM,343,A,21,MET,H,0,0
2RBM,344,A,21,MET,H,0,0
2RBM,345,A,22,TYR,N,0,0
2RBM,346,A,22,TYR,CA,0,0
2RBM,347,A,22,TYR,C,0,0
2RBM,348,A,22,TYR,O,0,0
2RBM,349,A,22,TYR,H,0,0
2RBM,350,A,22,TYR,H,0,0
2RBM,351,A,22,TYR,C,0,0
2RBM,352,A,22,TYR,C,0,0
2RBM,353,A,22,TYR,C,0,0
2RBM,354,A,22,TYR,C,0,0
2RBM,355,A,22,TYR,C,0,0
2RBM,356,A,22,TYR,C,0,0
2RBM,357,A,22,TYR,C,0,0
2RBM,358,A,22,TYR,OH,0,0
2RBM,359,A,22,TYR,H,0,0
2RBM,360,A,22,TYR,H,0,0
2RBM,361,A,22,TYR,H,0,0
2RBM,362,A,22,TYR,H,0,0
2RBM,363,A,22,TYR,H,0,0
2RBM,364,A,22,TYR,H,0,0
2RBM,365,A,22,TYR,HO,0,0
2RBM,366,A,23,LYS,N,0,0
2RBM,367,A,23,LYS,CA,0,0
2RBM,368,A,23,LYS,C,0,0
2RBM,369,A,23,LYS,O,0,0
2RBM,370,A,23,LYS,H,0,0
2RBM,371,A,23,LYS,H,0,0
2RBM,372,A,23,LYS,C,0,0
2RBM,373,A,23,LYS,C,0,0
2RBM,374,A,23,LYS,C,0,0
2RBM,375,A,23,LYS,C,0,0
2RBM,376,A,23,LYS,N,0,0
2RBM,377,A,23,LYS,H,0,0
2RBM,378,A,23,LYS,H,0,0
2RBM,379,A,23,LYS,H,0,0
2RBM,380,A,23,LYS,H,0,0
2RBM,381,A,23,LYS,H,0,0
2RBM,382,A,23,LYS,H,0,0
2RBM,383,A,23,LYS,H,0,0
2RBM,384,A,23,LYS,H,0,0
2RBM,385,A,23,LYS,H,0,0
2RBM,386,A,23,LYS,H,0,0
2RBM,387,A,23,LYS,H,0,0
2RBM,388,A,24,GLY,N,0,0
2RBM,389,A,24,GLY,CA,0,0
2RBM,390,A,24,GLY,C,0,0
2RBM,391,A,24,GLY,O,0,0
2RBM,392,A,24,GLY,H,0,0
2RBM,393,A,24,GLY,H,0,0
2RBM,394,A,24,GLY,H,0,0
2RBM,395,A,25,GLN,N,0,0
2RBM,396,A,25,GLN,CA,0,0
2RBM,397,A,25,GLN,C,0,0
2RBM,398,A,25,GLN,O,0,0
2RBM,399,A,25,GLN,H,0,0
2RBM,400,A,25,GLN,H,0,0
2RBM,401,A,25,GLN,C,0,0
2RBM,402,A,25,GLN,C,0,0
2RBM,403,A,25,GLN,C,0,0
2RBM,404,A,25,GLN,O,0,0
2RBM,405,A,25,GLN,N,0,0
2RBM,406,A,25,GLN,H,0,0
2RBM,407,A,25,GLN,H,0,0
2RBM,408,A,25,GLN,H,0,0
2RBM,409,A,25,GLN,H,0,0
2RBM,410,A,25,GLN,H,0,0
2RBM,411,A,25,GLN,H,0,0
2RBM,412,A,26,PRO,N,0,0
2RBM,413,A,26,PRO,CA,0,0
2RBM,414,A,26,PRO,C,0,0
2RBM,415,A,26,PRO,O,0,0
2RBM,416,A,26,PRO,H,0,0
2RBM,417,A,26,PRO,C,0,0
2RBM,418,A,26,PRO,C,0,0
2RBM,419,A,26,PRO,C,0,0
2RBM,420,A,26,PRO,H,0,0
2RBM,421,A,26,PRO,H,0,0
2RBM,422,A,26,PRO,H,0,0
2RBM,423,A,26,PRO,H,0,0
2RBM,424,A,26,PRO,H,0,0
2RBM,425,A,26,PRO,H,0,0
2RBM,426,A,27,MET,N,0,0
2RBM,427,A,27,MET,CA,0,0
2RBM,428,A,27,MET,C,0,0
2RBM,429,A,27,MET,O,0,0
2RBM,430,A,27,MET,H,0,0
2RBM,431,A,27,MET,H,0,0
2RBM,432,A,27,MET,C,0,0
2RBM,433,A,27,MET,C,0,0
2RBM,434,A,27,MET,S,0,0
2RBM,435,A,27,MET,C,0,0
2RBM,436,A,27,MET,H,0,0
2RBM,437,A,27,MET,H,0,0
2RBM,438,A,27,MET,H,0,0
2RBM,439,A,27,MET,H,0,0
2RBM,440,A,27,MET,H,0,0
2RBM,441,A,27,MET,H,0,0
2RBM,442,A,27,MET,H,0,0
2RBM,443,A,28,THR,N,0,0
2RBM,444,A,28,THR,CA,0,0
2RBM,445,A,28,THR,C,0,0
2RBM,446,A,28,THR,O,0,0
2RBM,447,A,28,THR,H,0,0
2RBM,448,A,28,THR,H,0,0
2RBM,449,A,28,THR,C,0,0
2RBM,450,A,28,THR,OH,0,1
2RBM,451,A,28,THR,C,0,0
2RBM,452,A,28,THR,H,0,0
2RBM,453,A,28,THR,HO,0,0
2RBM,454,A,28,THR,H,0,0
2RBM,455,A,28,THR,H,0,0
2RBM,456,A,28,THR,H,0,0
2RBM,457,A,29,PHE,N,0,0
2RBM,458,A,29,PHE,CA,0,0
2RBM,459,A,29,PHE,C,0,0
2RBM,460,A,29,PHE,O,0,0
2RBM,461,A,29,PHE,H,0,0
2RBM,462,A,29,PHE,H,0,0
2RBM,463,A,29,PHE,C,0,0
2RBM,464,A,29,PHE,C,0,0
2RBM,465,A,29,PHE,C,0,0
2RBM,466,A,29,PHE,C,0,0
2RBM,467,A,29,PHE,C,0,0
2RBM,468,A,29,PHE,C,0,0
2RBM,469,A,29,PHE,C,0,0
2RBM,470,A,29,PHE,H,0,0
2RBM,471,A,29,PHE,H,0,0
2RBM,472,A,29,PHE,H,0,0
2RBM,473,A,29,PHE,H,0,0
2RBM,474,A,29,PHE,H,0,0
2RBM,475,A,29,PHE,H,0,0
2RBM,476,A,29,PHE,H,0,0
2RBM,477,A,30,ARG,N,0,0
2RBM,478,A,30,ARG,CA,0,0
2RBM,479,A,30,ARG,C,0,0
2RBM,480,A,30,ARG,O,0,0
2RBM,481,A,30,ARG,H,0,0
2RBM,482,A,30,ARG,H,0,0
2RBM,483,A,30,ARG,C,0,0
2RBM,484,A,30,ARG,C,0,0
2RBM,485,A,30,ARG,C,0,0
2RBM,486,A,30,ARG,N,0,0
2RBM,487,A,30,ARG,C,0,0
2RBM,488,A,30,ARG,N,0,0
2RBM,489,A,30,ARG,N,1,0
2RBM,490,A,30,ARG,H,0,0
2RBM,491,A,30,ARG,H,0,0
2RBM,492,A,30,ARG,H,0,0
2RBM,493,A,30,ARG,H,0,0
2RBM,494,A,30,ARG,H,0,0
2RBM,495,A,30,ARG,H,0,0
2RBM,496,A,30,ARG,H,0,0
2RBM,497,A,30,ARG,H,0,0
2RBM,498,A,30,ARG,H,0,0
2RBM,499,A,30,ARG,H,0,0
2RBM,500,A,30,ARG,H,0,0
2RBM,501,A,31,LEU,N,0,0
2RBM,502,A,31,LEU,CA,0,0
2RBM,503,A,31,LEU,C,0,0
2RBM,504,A,31,LEU,O,0,0
2RBM,505,A,31,LEU,H,0,0
2RBM,506,A,31,LEU,H,0,0
2RBM,507,A,31,LEU,C,0,0
2RBM,508,A,31,LEU,C,0,0
2RBM,509,A,31,LEU,C,0,0
2RBM,510,A,31,LEU,C,0,0
2RBM,511,A,31,LEU,H,0,0
2RBM,512,A,31,LEU,H,0,0
2RBM,513,A,31,LEU,H,0,0
2RBM,514,A,31,LEU,H,0,0
2RBM,515,A,31,LEU,H,0,0
2RBM,516,A,31,LEU,H,0,0
2RBM,517,A,31,LEU,H,0,0
2RBM,518,A,31,LEU,H,0,0
2RBM,519,A,31,LEU,H,0,0
2RBM,520,A,32,LEU,N,0,0
2RBM,521,A,32,LEU,CA,0,0
2RBM,522,A,32,LEU,C,0,0
2RBM,523,A,32,LEU,O,0,0
2RBM,524,A,32,LEU,H,0,0
2RBM,525,A,32,LEU,H,0,0
2RBM,526,A,32,LEU,C,0,0
2RBM,527,A,32,LEU,C,0,0
2RBM,528,A,32,LEU,C,0,0
2RBM,529,A,32,LEU,C,0,0
2RBM,530,A,32,LEU,H,0,0
2RBM,531,A,32,LEU,H,0,0
2RBM,532,A,32,LEU,H,0,0
2RBM,533,A,32,LEU,H,0,0
2RBM,534,A,32,LEU,H,0,0
2RBM,535,A,32,LEU,H,0,0
2RBM,536,A,32,LEU,H,0,0
2RBM,537,A,32,LEU,H,0,0
2RBM,538,A,32,LEU,H,0,0
2RBM,539,A,33,LEU,N,0,0
2RBM,540,A,33,LEU,CA,0,0
2RBM,541,A,33,LEU,C,0,0
2RBM,542,A,33,LEU,O,0,0
2RBM,543,A,33,LEU,H,0,0
2RBM,544,A,33,LEU,H,0,0
2RBM,545,A,33,LEU,C,0,0
2RBM,546,A,33,LEU,C,0,0
2RBM,547,A,33,LEU,C,0,0
2RBM,548,A,33,LEU,C,0,0
2RBM,549,A,33,LEU,H,0,0
2RBM,550,A,33,LEU,H,0,0
2RBM,551,A,33,LEU,H,0,0
2RBM,552,A,33,LEU,H,0,0
2RBM,553,A,33,LEU,H,0,0
2RBM,554,A,33,LEU,H,0,0
2RBM,555,A,33,LEU,H,0,0
2RBM,556,A,33,LEU,H,0,0
2RBM,557,A,33,LEU,H,0,0
2RBM,558,A,34,VAL,N,0,0
2RBM,559,A,34,VAL,CA,0,0
2RBM,560,A,34,VAL,C,0,0
2RBM,561,A,34,VAL,O,0,1
2RBM,562,A,34,VAL,H,0,0
2RBM,563,A,34,VAL,H,0,0
2RBM,564,A,34,VAL,C,0,0
2RBM,565,A,34,VAL,C,0,0
2RBM,566,A,34,VAL,C,0,0
2RBM,567,A,34,VAL,H,0,0
2RBM,568,A,34,VAL,H,0,0
2RBM,569,A,34,VAL,H,0,0
2RBM,570,A,34,VAL,H,0,0
2RBM,571,A,34,VAL,H,0,0
2RBM,572,A,34,VAL,H,0,0
2RBM,573,A,34,VAL,H,0,0
2RBM,574,A,35,ASP,N,0,0
2RBM,575,A,35,ASP,CA,0,0
2RBM,576,A,35,ASP,C,0,0
2RBM,577,A,35,ASP,O,0,0
2RBM,578,A,35,ASP,H,0,0
2RBM,579,A,35,ASP,H,0,0
2RBM,580,A,35,ASP,C,0,0
2RBM,581,A,35,ASP,C,0,0
2RBM,582,A,35,ASP,O,0,0
2RBM,583,A,35,ASP,O,0,0
2RBM,584,A,35,ASP,H,0,0
2RBM,585,A,35,ASP,H,0,0
2RBM,586,A,36,THR,N,0,0
2RBM,587,A,36,THR,CA,0,0
2RBM,588,A,36,THR,C,0,0
2RBM,589,A,36,THR,O,0,0
2RBM,590,A,36,THR,H,0,0
2RBM,591,A,36,THR,H,0,0
2RBM,592,A,36,THR,C,0,0
2RBM,593,A,36,THR,OH,0,0
2RBM,594,A,36,THR,C,0,0
2RBM,595,A,36,THR,H,0,0
2RBM,596,A,36,THR,HO,0,0
2RBM,597,A,36,THR,H,0,0
2RBM,598,A,36,THR,H,0,0
2RBM,599,A,36,THR,H,0,0
2RBM,600,A,37,PRO,N,0,0
2RBM,601,A,37,PRO,CA,0,0
2RBM,602,A,37,PRO,C,0,0
2RBM,603,A,37,PRO,O,0,0
2RBM,604,A,37,PRO,H,0,0
2RBM,605,A,37,PRO,C,0,0
2RBM,606,A,37,PRO,C,0,0
2RBM,607,A,37,PRO,C,0,0
2RBM,608,A,37,PRO,H,0,0
2RBM,609,A,37,PRO,H,0,0
2RBM,610,A,37,PRO,H,0,0
2RBM,611,A,37,PRO,H,0,0
2RBM,612,A,37,PRO,H,0,0
2RBM,613,A,37,PRO,H,0,0
2RBM,614,A,38,GLU,N,0,0
2RBM,615,A,38,GLU,CA,0,0
2RBM,616,A,38,GLU,C,0,0
2RBM,617,A,38,GLU,O,0,1
2RBM,618,A,38,GLU,H,0,0
2RBM,619,A,38,GLU,H,0,0
2RBM,620,A,38,GLU,C,0,0
2RBM,621,A,38,GLU,C,0,0
2RBM,622,A,38,GLU,C,0,0
2RBM,623,A,38,GLU,O,0,0
2RBM,624,A,38,GLU,O,0,0
2RBM,625,A,38,GLU,H,0,0
2RBM,626,A,38,GLU,H,0,0
2RBM,627,A,38,GLU,H,0,0
2RBM,628,A,38,GLU,H,0,0
2RBM,629,A,39,PHE,N,0,0
2RBM,630,A,39,PHE,CA,0,0
2RBM,631,A,39,PHE,C,0,0
2RBM,632,A,39,PHE,O,0,0
2RBM,633,A,39,PHE,H,0,0
2RBM,634,A,39,PHE,H,0,0
2RBM,635,A,39,PHE,C,0,0
2RBM,636,A,39,PHE,C,0,0
2RBM,637,A,39,PHE,C,0,0
2RBM,638,A,39,PHE,C,0,0
2RBM,639,A,39,PHE,C,0,0
2RBM,640,A,39,PHE,C,0,0
2RBM,641,A,39,PHE,C,0,0
2RBM,642,A,39,PHE,H,0,0
2RBM,643,A,39,PHE,H,0,0
2RBM,644,A,39,PHE,H,0,0
2RBM,645,A,39,PHE,H,0,0
2RBM,646,A,39,PHE,H,0,0
2RBM,647,A,39,PHE,H,0,0
2RBM,648,A,39,PHE,H,0,0
2RBM,649,A,40,ASN,N,0,0
2RBM,650,A,40,ASN,CA,0,0
2RBM,651,A,40,ASN,C,0,0
2RBM,652,A,40,ASN,O,0,0
2RBM,653,A,40,ASN,H,0,0
2RBM,654,A,40,ASN,H,0,0
2RBM,655,A,40,ASN,C,0,0
2RBM,656,A,40,ASN,C,0,0
2RBM,657,A,40,ASN,O,0,0
2RBM,658,A,40,ASN,N,0,0
2RBM,659,A,40,ASN,H,0,0
2RBM,660,A,40,ASN,H,0,0
2RBM,661,A,40,ASN,H,0,0
2RBM,662,A,40,ASN,H,0,0
2RBM,663,A,41,GLU,N,1,0
2RBM,664,A,41,GLU,CA,0,0
2RBM,665,A,41,GLU,C,0,0
2RBM,666,A,41,GLU,O,0,0
2RBM,667,A,41,GLU,H,0,0
2RBM,668,A,41,GLU,H,0,0
2RBM,669,A,41,GLU,C,0,0
2RBM,670,A,41,GLU,C,0,0
2RBM,671,A,41,GLU,C,0,0
2RBM,672,A,41,GLU,O,0,1
2RBM,673,A,41,GLU,O,0,0
2RBM,674,A,41,GLU,H,0,0
2RBM,675,A,41,GLU,H,0,0
2RBM,676,A,41,GLU,H,0,0
2RBM,677,A,41,GLU,H,0,0
2RBM,678,A,42,LYS,N,0,0
2RBM,679,A,42,LYS,CA,0,0
2RBM,680,A,42,LYS,C,0,0
2RBM,681,A,42,LYS,O,0,0
2RBM,682,A,42,LYS,H,0,0
2RBM,683,A,42,LYS,H,0,0
2RBM,684,A,42,LYS,C,0,0
2RBM,685,A,42,LYS,C,0,0
2RBM,686,A,42,LYS,C,0,0
2RBM,687,A,42,LYS,C,0,0
2RBM,688,A,42,LYS,N,0,0
2RBM,689,A,42,LYS,H,0,0
2RBM,690,A,42,LYS,H,0,0
2RBM,691,A,42,LYS,H,0,0
2RBM,692,A,42,LYS,H,0,0
2RBM,693,A,42,LYS,H,0,0
2RBM,694,A,42,LYS,H,0,0
2RBM,695,A,42,LYS,H,0,0
2RBM,696,A,42,LYS,H,0,0
2RBM,697,A,42,LYS,H,0,0
2RBM,698,A,42,LYS,H,0,0
2RBM,699,A,42,LYS,H,0,0
2RBM,700,A,43,TYR,N,0,0
2RBM,701,A,43,TYR,CA,0,0
2RBM,702,A,43,TYR,C,0,0
2RBM,703,A,43,TYR,O,0,0
2RBM,704,A,43,TYR,H,0,0
2RBM,705,A,43,TYR,H,0,0
2RBM,706,A,43,TYR,C,0,0
2RBM,707,A,43,TYR,C,0,0
2RBM,708,A,43,TYR,C,0,0
2RBM,709,A,43,TYR,C,0,0
2RBM,710,A,43,TYR,C,0,0
2RBM,711,A,43,TYR,C,0,0
2RBM,712,A,43,TYR,C,0,0
2RBM,713,A,43,TYR,OH,0,0
2RBM,714,A,43,TYR,H,0,0
2RBM,715,A,43,TYR,H,0,0
2RBM,716,A,43,TYR,H,0,0
2RBM,717,A,43,TYR,H,0,0
2RBM,718,A,43,TYR,H,0,0
2RBM,719,A,43,TYR,H,0,0
2RBM,720,A,43,TYR,HO,0,0
2RBM,721,A,44,GLY,N,1,0
2RBM,722,A,44,GLY,CA,0,0
2RBM,723,A,44,GLY,C,0,0
2RBM,724,A,44,GLY,O,0,0
2RBM,725,A,44,GLY,H,0,0
2RBM,726,A,44,GLY,H,0,0
2RBM,727,A,44,GLY,H,0,0
2RBM,728,A,45,PRO,N,0,0
2RBM,729,A,45,PRO,CA,0,0
2RBM,730,A,45,PRO,C,0,0
2RBM,731,A,45,PRO,O,0,0
2RBM,732,A,45,PRO,H,0,0
2RBM,733,A,45,PRO,C,0,0
2RBM,734,A,45,PRO,C,0,0
2RBM,735,A,45,PRO,C,0,0
2RBM,736,A,45,PRO,H,0,0
2RBM,737,A,45,PRO,H,0,0
2RBM,738,A,45,PRO,H,0,0
2RBM,739,A,45,PRO,H,0,0
2RBM,740,A,45,PRO,H,0,0
2RBM,741,A,45,PRO,H,0,0
2RBM,742,A,46,GLU,N,0,0
2RBM,743,A,46,GLU,CA,0,0
2RBM,744,A,46,GLU,C,0,0
2RBM,745,A,46,GLU,O,0,0
2RBM,746,A,46,GLU,H,0,0
2RBM,747,A,46,GLU,H,0,0
2RBM,748,A,46,GLU,C,0,0
2RBM,749,A,46,GLU,C,0,0
2RBM,750,A,46,GLU,C,0,0
2RBM,751,A,46,GLU,O,0,0
2RBM,752,A,46,GLU,O,0,0
2RBM,753,A,46,GLU,H,0,0
2RBM,754,A,46,GLU,H,0,0
2RBM,755,A,46,GLU,H,0,0
2RBM,756,A,46,GLU,H,0,0
2RBM,757,A,47,ALA,N,0,0
2RBM,758,A,47,ALA,CA,0,0
2RBM,759,A,47,ALA,C,0,0
2RBM,760,A,47,ALA,O,0,0
2RBM,761,A,47,ALA,H,0,0
2RBM,762,A,47,ALA,H,0,0
2RBM,763,A,47,ALA,C,0,0
2RBM,764,A,47,ALA,H,0,0
2RBM,765,A,47,ALA,H,0,0
2RBM,766,A,47,ALA,H,0,0
2RBM,767,A,48,SER,N,0,0
2RBM,768,A,48,SER,CA,0,0
2RBM,769,A,48,SER,C,0,0
2RBM,770,A,48,SER,O,0,0
2RBM,771,A,48,SER,H,0,0
2RBM,772,A,48,SER,H,0,0
2RBM,773,A,48,SER,C,0,0
2RBM,774,A,48,SER,OH,0,0
2RBM,775,A,48,SER,H,0,0
2RBM,776,A,48,SER,H,0,0
2RBM,777,A,48,SER,HO,0,0
2RBM,778,A,49,ALA,N,0,0
2RBM,779,A,49,ALA,CA,0,0
2RBM,780,A,49,ALA,C,0,0
2RBM,781,A,49,ALA,O,0,0
2RBM,782,A,49,ALA,H,0,0
2RBM,783,A,49,ALA,H,0,0
2RBM,784,A,49,ALA,C,0,0
2RBM,785,A,49,ALA,H,0,0
2RBM,786,A,49,ALA,H,0,0
2RBM,787,A,49,ALA,H,0,0
2RBM,788,A,50,PHE,N,0,0
2RBM,789,A,50,PHE,CA,0,0
2RBM,790,A,50,PHE,C,0,0
2RBM,791,A,50,PHE,O,0,0
2RBM,792,A,50,PHE,H,0,0
2RBM,793,A,50,PHE,H,0,0
2RBM,794,A,50,PHE,C,0,0
2RBM,795,A,50,PHE,C,0,0
2RBM,796,A,50,PHE,C,0,0
2RBM,797,A,50,PHE,C,0,0
2RBM,798,A,50,PHE,C,0,0
2RBM,799,A,50,PHE,C,0,0
2RBM,800,A,50,PHE,C,0,0
2RBM,801,A,50,PHE,H,0,0
2RBM,802,A,50,PHE,H,0,0
2RBM,803,A,50,PHE,H,0,0
2RBM,804,A,50,PHE,H,0,0
2RBM,805,A,50,PHE,H,0,0
2RBM,806,A,50,PHE,H,0,0
2RBM,807,A,50,PHE,H,0,0
2RBM,808,A,51,THR,N,0,0
2RBM,809,A,51,THR,CA,0,0
2RBM,810,A,51,THR,C,0,0
2RBM,811,A,51,THR,O,0,0
2RBM,812,A,51,THR,H,0,0
2RBM,813,A,51,THR,H,0,0
2RBM,814,A,51,THR,C,0,0
2RBM,815,A,51,THR,OH,0,0
2RBM,816,A,51,THR,C,0,0
2RBM,817,A,51,THR,H,0,0
2RBM,818,A,51,THR,HO,0,0
2RBM,819,A,51,THR,H,0,0
2RBM,820,A,51,THR,H,0,0
2RBM,821,A,51,THR,H,0,0
2RBM,822,A,52,LYS,N,0,0
2RBM,823,A,52,LYS,CA,0,0
2RBM,824,A,52,LYS,C,0,0
2RBM,825,A,52,LYS,O,0,0
2RBM,826,A,52,LYS,H,0,0
2RBM,827,A,52,LYS,H,0,0
2RBM,828,A,52,LYS,C,0,0
2RBM,829,A,52,LYS,C,0,0
2RBM,830,A,52,LYS,C,0,0
2RBM,831,A,52,LYS,C,0,0
2RBM,832,A,52,LYS,N,1,0
2RBM,833,A,52,LYS,H,0,0
2RBM,834,A,52,LYS,H,0,0
2RBM,835,A,52,LYS,H,0,0
2RBM,836,A,52,LYS,H,0,0
2RBM,837,A,52,LYS,H,0,0
2RBM,838,A,52,LYS,H,0,0
2RBM,839,A,52,LYS,H,0,0
2RBM,840,A,52,LYS,H,0,0
2RBM,841,A,52,LYS,H,0,0
2RBM,842,A,52,LYS,H,0,0
2RBM,843,A,52,LYS,H,0,0
2RBM,844,A,53,LYS,N,0,0
2RBM,845,A,53,LYS,CA,0,0
2RBM,846,A,53,LYS,C,0,0
2RBM,847,A,53,LYS,O,0,0
2RBM,848,A,53,LYS,H,0,0
2RBM,849,A,53,LYS,H,0,0
2RBM,850,A,53,LYS,C,0,0
2RBM,851,A,53,LYS,C,0,0
2RBM,852,A,53,LYS,C,0,0
2RBM,853,A,53,LYS,C,0,0
2RBM,854,A,53,LYS,N,0,0
2RBM,855,A,53,LYS,H,0,0
2RBM,856,A,53,LYS,H,0,0
2RBM,857,A,53,LYS,H,0,0
2RBM,858,A,53,LYS,H,0,0
2RBM,859,A,53,LYS,H,0,0
2RBM,860,A,53,LYS,H,0,0
2RBM,861,A,53,LYS,H,0,0
2RBM,862,A,53,LYS,H,0,0
2RBM,863,A,53,LYS,H,0,0
2RBM,864,A,53,LYS,H,0,0
2RBM,865,A,53,LYS,H,0,0
2RBM,866,A,54,MET,N,0,0
2RBM,867,A,54,MET,CA,0,0
2RBM,868,A,54,MET,C,0,0
2RBM,869,A,54,MET,O,0,0
2RBM,870,A,54,MET,H,0,0
2RBM,871,A,54,MET,H,0,0
2RBM,872,A,54,MET,C,0,0
2RBM,873,A,54,MET,C,0,0
2RBM,874,A,54,MET,S,0,0
2RBM,875,A,54,MET,C,0,0
2RBM,876,A,54,MET,H,0,0
2RBM,877,A,54,MET,H,0,0
2RBM,878,A,54,MET,H,0,0
2RBM,879,A,54,MET,H,0,0
2RBM,880,A,54,MET,H,0,0
2RBM,881,A,54,MET,H,0,0
2RBM,882,A,54,MET,H,0,0
2RBM,883,A,55,VAL,N,0,0
2RBM,884,A,55,VAL,CA,0,0
2RBM,885,A,55,VAL,C,0,0
2RBM,886,A,55,VAL,O,0,1
2RBM,887,A,55,VAL,H,0,0
2RBM,888,A,55,VAL,H,0,0
2RBM,889,A,55,VAL,C,0,0
2RBM,890,A,55,VAL,C,0,0
2RBM,891,A,55,VAL,C,0,0
2RBM,892,A,55,VAL,H,0,0
2RBM,893,A,55,VAL,H,0,0
2RBM,894,A,55,VAL,H,0,0
2RBM,895,A,55,VAL,H,0,0
2RBM,896,A,55,VAL,H,0,0
2RBM,897,A,55,VAL,H,0,0
2RBM,898,A,55,VAL,H,0,0
2RBM,899,A,56,GLU,N,0,0
2RBM,900,A,56,GLU,CA,0,0
2RBM,901,A,56,GLU,C,0,0
2RBM,902,A,56,GLU,O,0,0
2RBM,903,A,56,GLU,H,0,0
2RBM,904,A,56,GLU,H,0,0
2RBM,905,A,56,GLU,C,0,0
2RBM,906,A,56,GLU,C,0,0
2RBM,907,A,56,GLU,C,0,0
2RBM,908,A,56,GLU,O,0,0
2RBM,909,A,56,GLU,O,0,1
2RBM,910,A,56,GLU,H,0,0
2RBM,911,A,56,GLU,H,0,0
2RBM,912,A,56,GLU,H,0,0
2RBM,913,A,56,GLU,H,0,0
2RBM,914,A,57,ASN,N,0,0
2RBM,915,A,57,ASN,CA,0,0
2RBM,916,A,57,ASN,C,0,0
2RBM,917,A,57,ASN,O,0,0
2RBM,918,A,57,ASN,H,0,0
2RBM,919,A,57,ASN,H,0,0
2RBM,920,A,57,ASN,C,0,0
2RBM,921,A,57,ASN,C,0,0
2RBM,922,A,57,ASN,O,0,0
2RBM,923,A,57,ASN,N,0,0
2RBM,924,A,57,ASN,H,0,0
2RBM,925,A,57,ASN,H,0,0
2RBM,926,A,57,ASN,H,0,0
2RBM,927,A,57,ASN,H,0,0
2RBM,928,A,58,ALA,N,0,0
2RBM,929,A,58,ALA,CA,0,0
2RBM,930,A,58,ALA,C,0,0
2RBM,931,A,58,ALA,O,0,0
2RBM,932,A,58,ALA,H,0,0
2RBM,933,A,58,ALA,H,0,0
2RBM,934,A,58,ALA,C,0,0
2RBM,935,A,58,ALA,H,0,0
2RBM,936,A,58,ALA,H,0,0
2RBM,937,A,58,ALA,H,0,0
2RBM,938,A,59,LYS,N,0,0
2RBM,939,A,59,LYS,CA,0,0
2RBM,940,A,59,LYS,C,0,0
2RBM,941,A,59,LYS,O,0,0
2RBM,942,A,59,LYS,H,0,0
2RBM,943,A,59,LYS,H,0,0
2RBM,944,A,59,LYS,C,0,0
2RBM,945,A,59,LYS,C,0,0
2RBM,946,A,59,LYS,C,0,0
2RBM,947,A,59,LYS,C,0,0
2RBM,948,A,59,LYS,N,0,0
2RBM,949,A,59,LYS,H,0,0
2RBM,950,A,59,LYS,H,0,0
2RBM,951,A,59,LYS,H,0,0
2RBM,952,A,59,LYS,H,0,0
2RBM,953,A,59,LYS,H,0,0
2RBM,954,A,59,LYS,H,0,0
2RBM,955,A,59,LYS,H,0,0
2RBM,956,A,59,LYS,H,0,0
2RBM,957,A,59,LYS,H,0,0
2RBM,958,A,59,LYS,H,0,0
2RBM,959,A,59,LYS,H,0,0
2RBM,960,A,60,LYS,N,0,0
2RBM,961,A,60,LYS,CA,0,0
2RBM,962,A,60,LYS,C,0,0
2RBM,963,A,60,LYS,O,0,0
2RBM,964,A,60,LYS,H,0,0
2RBM,965,A,60,LYS,H,0,0
2RBM,966,A,60,LYS,C,0,0
2RBM,967,A,60,LYS,C,0,0
2RBM,968,A,60,LYS,C,0,0
2RBM,969,A,60,LYS,C,0,0
2RBM,970,A,60,LYS,N,0,0
2RBM,971,A,60,LYS,H,0,0
2RBM,972,A,60,LYS,H,0,0
2RBM,973,A,60,LYS,H,0,0
2RBM,974,A,60,LYS,H,0,0
2RBM,975,A,60,LYS,H,0,0
2RBM,976,A,60,LYS,H,0,0
2RBM,977,A,60,LYS,H,0,0
2RBM,978,A,60,LYS,H,0,0
2RBM,979,A,60,LYS,H,0,0
2RBM,980,A,60,LYS,H,0,0
2RBM,981,A,60,LYS,H,0,0
2RBM,982,A,61,LYS,N,0,0
2RBM,983,A,61,LYS,CA,0,0
2RBM,984,A,61,LYS,C,0,0
2RBM,985,A,61,LYS,O,0,0
2RBM,986,A,61,LYS,H,0,0
2RBM,987,A,61,LYS,H,0,0
2RBM,988,A,61,LYS,C,0,0
2RBM,989,A,61,LYS,C,0,0
2RBM,990,A,61,LYS,C,0,0
2RBM,991,A,61,LYS,C,0,0
2RBM,992,A,61,LYS,N,1,0
2RBM,993,A,61,LYS,H,0,0
2RBM,994,A,61,LYS,H,0,0
2RBM,995,A,61,LYS,H,0,0
2RBM,996,A,61,LYS,H,0,0
2RBM,997,A,61,LYS,H,0,0
2RBM,998,A,61,LYS,H,0,0
2RBM,999,A,61,LYS,H,0,0
2RBM,1000,A,61,LYS,H,0,0
2RBM,1001,A,61,LYS,H,0,0
2RBM,1002,A,61,LYS,H,0,0
2RBM,1003,A,61,LYS,H,0,0
2RBM,1004,A,62,GLU,N,0,0
2RBM,1005,A,62,GLU,CA,0,0
2RBM,1006,A,62,GLU,C,0,0
2RBM,1007,A,62,GLU,O,0,0
2RBM,1008,A,62,GLU,H,0,0
2RBM,1009,A,62,GLU,H,0,0
2RBM,1010,A,62,GLU,C,0,0
2RBM,1011,A,62,GLU,C,0,0
2RBM,1012,A,62,GLU,C,0,0
2RBM,1013,A,62,GLU,O,0,0
2RBM,1014,A,62,GLU,O,0,0
2RBM,1015,A,62,GLU,H,0,0
2RBM,1016,A,62,GLU,H,0,0
2RBM,1017,A,62,GLU,H,0,0
2RBM,1018,A,62,GLU,H,0,0
2RBM,1019,A,63,VAL,N,0,0
2RBM,1020,A,63,VAL,CA,0,0
2RBM,1021,A,63,VAL,C,0,0
2RBM,1022,A,63,VAL,O,0,0
2RBM,1023,A,63,VAL,H,0,0
2RBM,1024,A,63,VAL,H,0,0
2RBM,1025,A,63,VAL,C,0,0
2RBM,1026,A,63,VAL,C,0,0
2RBM,1027,A,63,VAL,C,0,0
2RBM,1028,A,63,VAL,H,0,0
2RBM,1029,A,63,VAL,H,0,0
2RBM,1030,A,63,VAL,H,0,0
2RBM,1031,A,63,VAL,H,0,0
2RBM,1032,A,63,VAL,H,0,0
2RBM,1033,A,63,VAL,H,0,0
2RBM,1034,A,63,VAL,H,0,0
2RBM,1035,A,64,GLU,N,0,0
2RBM,1036,A,64,GLU,CA,0,0
2RBM,1037,A,64,GLU,C,0,0
2RBM,1038,A,64,GLU,O,0,0
2RBM,1039,A,64,GLU,H,0,0
2RBM,1040,A,64,GLU,H,0,0
2RBM,1041,A,64,GLU,C,0,0
2RBM,1042,A,64,GLU,C,0,0
2RBM,1043,A,64,GLU,C,0,0
2RBM,1044,A,64,GLU,O,0,1
2RBM,1045,A,64,GLU,O,0,2
2RBM,1046,A,64,GLU,H,0,0
2RBM,1047,A,64,GLU,H,0,0
2RBM,1048,A,64,GLU,H,0,0
2RBM,1049,A,64,GLU,H,0,0
2RBM,1050,A,65,PHE,N,0,0
2RBM,1051,A,65,PHE,CA,0,0
2RBM,1052,A,65,PHE,C,0,0
2RBM,1053,A,65,PHE,O,0,0
2RBM,1054,A,65,PHE,H,0,0
2RBM,1055,A,65,PHE,H,0,0
2RBM,1056,A,65,PHE,C,0,0
2RBM,1057,A,65,PHE,C,0,0
2RBM,1058,A,65,PHE,C,0,0
2RBM,1059,A,65,PHE,C,0,0
2RBM,1060,A,65,PHE,C,0,0
2RBM,1061,A,65,PHE,C,0,0
2RBM,1062,A,65,PHE,C,0,0
2RBM,1063,A,65,PHE,H,0,0
2RBM,1064,A,65,PHE,H,0,0
2RBM,1065,A,65,PHE,H,0,0
2RBM,1066,A,65,PHE,H,0,0
2RBM,1067,A,65,PHE,H,0,0
2RBM,1068,A,65,PHE,H,0,0
2RBM,1069,A,65,PHE,H,0,0
2RBM,1070,A,66,ASP,N,0,0
2RBM,1071,A,66,ASP,CA,0,0
2RBM,1072,A,66,ASP,C,0,0
2RBM,1073,A,66,ASP,O,0,0
2RBM,1074,A,66,ASP,H,0,0
2RBM,1075,A,66,ASP,H,0,0
2RBM,1076,A,66,ASP,C,0,0
2RBM,1077,A,66,ASP,C,0,0
2RBM,1078,A,66,ASP,O,0,0
2RBM,1079,A,66,ASP,O,0,0
2RBM,1080,A,66,ASP,H,0,0
2RBM,1081,A,66,ASP,H,0,0
2RBM,1082,A,67,LYS,N,0,0
2RBM,1083,A,67,LYS,CA,0,0
2RBM,1084,A,67,LYS,C,0,0
2RBM,1085,A,67,LYS,O,0,0
2RBM,1086,A,67,LYS,H,0,0
2RBM,1087,A,67,LYS,H,0,0
2RBM,1088,A,67,LYS,C,0,0
2RBM,1089,A,67,LYS,C,0,0
2RBM,1090,A,67,LYS,C,0,0
2RBM,1091,A,67,LYS,C,0,0
2RBM,1092,A,67,LYS,N,0,0
2RBM,1093,A,67,LYS,H,0,0
2RBM,1094,A,67,LYS,H,0,0
2RBM,1095,A,67,LYS,H,0,0
2RBM,1096,A,67,LYS,H,0,0
2RBM,1097,A,67,LYS,H,0,0
2RBM,1098,A,67,LYS,H,0,0
2RBM,1099,A,67,LYS,H,0,0
2RBM,1100,A,67,LYS,H,0,0
2RBM,1101,A,67,LYS,H,0,0
2RBM,1102,A,67,LYS,H,0,0
2RBM,1103,A,67,LYS,H,0,0
2RBM,1104,A,68,GLY,N,0,0
2RBM,1105,A,68,GLY,CA,0,0
2RBM,1106,A,68,GLY,C,0,0
2RBM,1107,A,68,GLY,O,0,0
2RBM,1108,A,68,GLY,H,0,0
2RBM,1109,A,68,GLY,H,0,0
2RBM,1110,A,68,GLY,H,0,0
2RBM,1111,A,69,GLN,N,0,0
2RBM,1112,A,69,GLN,CA,0,0
2RBM,1113,A,69,GLN,C,0,0
2RBM,1114,A,69,GLN,O,0,1
2RBM,1115,A,69,GLN,H,0,0
2RBM,1116,A,69,GLN,H,0,0
2RBM,1117,A,69,GLN,C,0,0
2RBM,1118,A,69,GLN,C,0,0
2RBM,1119,A,69,GLN,C,0,0
2RBM,1120,A,69,GLN,O,0,0
2RBM,1121,A,69,GLN,N,0,0
2RBM,1122,A,69,GLN,H,0,0
2RBM,1123,A,69,GLN,H,0,0
2RBM,1124,A,69,GLN,H,0,0
2RBM,1125,A,69,GLN,H,0,0
2RBM,1126,A,69,GLN,H,0,0
2RBM,1127,A,69,GLN,H,0,0
2RBM,1128,A,70,ARG,N,0,0
2RBM,1129,A,70,ARG,CA,0,0
2RBM,1130,A,70,ARG,C,0,0
2RBM,1131,A,70,ARG,O,0,0
2RBM,1132,A,70,ARG,H,0,0
2RBM,1133,A,70,ARG,H,0,0
2RBM,1134,A,70,ARG,C,0,0
2RBM,1135,A,70,ARG,C,0,0
2RBM,1136,A,70,ARG,C,0,0
2RBM,1137,A,70,ARG,N,0,0
2RBM,1138,A,70,ARG,C,0,0
2RBM,1139,A,70,ARG,N,0,0
2RBM,1140,A,70,ARG,N,0,0
2RBM,1141,A,70,ARG,H,0,0
2RBM,1142,A,70,ARG,H,0,0
2RBM,1143,A,70,ARG,H,0,0
2RBM,1144,A,70,ARG,H,0,0
2RBM,1145,A,70,ARG,H,0,0
2RBM,1146,A,70,ARG,H,0,0
2RBM,1147,A,70,ARG,H,0,0
2RBM,1148,A,70,ARG,H,0,0
2RBM,1149,A,70,ARG,H,0,0
2RBM,1150,A,70,ARG,H,0,0
2RBM,1151,A,70,ARG,H,0,0
2RBM,1152,A,71,THR,N,0,0
2RBM,1153,A,71,THR,CA,0,0
2RBM,1154,A,71,THR,C,0,0
2RBM,1155,A,71,THR,O,0,0
2RBM,1156,A,71,THR,H,0,0
2RBM,1157,A,71,THR,H,0,0
2RBM,1158,A,71,THR,C,0,0
2RBM,1159,A,71,THR,OH,0,0
2RBM,1160,A,71,THR,C,0,0
2RBM,1161,A,71,THR,H,0,0
2RBM,1162,A,71,THR,HO,0,0
2RBM,1163,A,71,THR,H,0,0
2RBM,1164,A,71,THR,H,0,0
2RBM,1165,A,71,THR,H,0,0
2RBM,1166,A,72,ASP,N,0,0
2RBM,1167,A,72,ASP,CA,0,0
2RBM,1168,A,72,ASP,C,0,0
2RBM,1169,A,72,ASP,O,0,0
2RBM,1170,A,72,ASP,H,0,0
2RBM,1171,A,72,ASP,H,0,0
2RBM,1172,A,72,ASP,C,0,0
2RBM,1173,A,72,ASP,C,0,0
2RBM,1174,A,72,ASP,O,0,0
2RBM,1175,A,72,ASP,O,0,0
2RBM,1176,A,72,ASP,H,0,0
2RBM,1177,A,72,ASP,H,0,0
2RBM,1178,A,73,LYS,N,0,0
2RBM,1179,A,73,LYS,CA,0,0
2RBM,1180,A,73,LYS,C,0,0
2RBM,1181,A,73,LYS,O,0,0
2RBM,1182,A,73,LYS,H,0,0
2RBM,1183,A,73,LYS,H,0,0
2RBM,1184,A,73,LYS,C,0,0
2RBM,1185,A,73,LYS,C,0,0
2RBM,1186,A,73,LYS,C,0,0
2RBM,1187,A,73,LYS,C,0,0
2RBM,1188,A,73,LYS,N,0,0
2RBM,1189,A,73,LYS,H,0,0
2RBM,1190,A,73,LYS,H,0,0
2RBM,1191,A,73,LYS,H,0,0
2RBM,1192,A,73,LYS,H,0,0
2RBM,1193,A,73,LYS,H,0,0
2RBM,1194,A,73,LYS,H,0,0
2RBM,1195,A,73,LYS,H,0,0
2RBM,1196,A,73,LYS,H,0,0
2RBM,1197,A,73,LYS,H,0,0
2RBM,1198,A,73,LYS,H,0,0
2RBM,1199,A,73,LYS,H,0,0
2RBM,1200,A,74,TYR,N,0,0
2RBM,1201,A,74,TYR,CA,0,0
2RBM,1202,A,74,TYR,C,0,0
2RBM,1203,A,74,TYR,O,0,0
2RBM,1204,A,74,TYR,H,0,0
2RBM,1205,A,74,TYR,H,0,0
2RBM,1206,A,74,TYR,C,0,0
2RBM,1207,A,74,TYR,C,0,0
2RBM,1208,A,74,TYR,C,0,0
2RBM,1209,A,74,TYR,C,0,0
2RBM,1210,A,74,TYR,C,0,0
2RBM,1211,A,74,TYR,C,0,0
2RBM,1212,A,74,TYR,C,0,0
2RBM,1213,A,74,TYR,OH,0,0
2RBM,1214,A,74,TYR,H,0,0
2RBM,1215,A,74,TYR,H,0,0
2RBM,1216,A,74,TYR,H,0,0
2RBM,1217,A,74,TYR,H,0,0
2RBM,1218,A,74,TYR,H,0,0
2RBM,1219,A,74,TYR,H,0,0
2RBM,1220,A,74,TYR,HO,0,0
2RBM,1221,A,75,GLY,N,0,0
2RBM,1222,A,75,GLY,CA,0,0
2RBM,1223,A,75,GLY,C,0,0
2RBM,1224,A,75,GLY,O,0,0
2RBM,1225,A,75,GLY,H,0,0
2RBM,1226,A,75,GLY,H,0,0
2RBM,1227,A,75,GLY,H,0,0
2RBM,1228,A,76,ARG,N,0,0
2RBM,1229,A,76,ARG,CA,0,0
2RBM,1230,A,76,ARG,C,0,0
2RBM,1231,A,76,ARG,O,0,0
2RBM,1232,A,76,ARG,H,0,0
2RBM,1233,A,76,ARG,H,0,0
2RBM,1234,A,76,ARG,C,0,0
2RBM,1235,A,76,ARG,C,0,0
2RBM,1236,A,76,ARG,C,0,0
2RBM,1237,A,76,ARG,N,0,0
2RBM,1238,A,76,ARG,C,0,0
2RBM,1239,A,76,ARG,N,0,0
2RBM,1240,A,76,ARG,N,0,0
2RBM,1241,A,76,ARG,H,0,0
2RBM,1242,A,76,ARG,H,0,0
2RBM,1243,A,76,ARG,H,0,0
2RBM,1244,A,76,ARG,H,0,0
2RBM,1245,A,76,ARG,H,0,0
2RBM,1246,A,76,ARG,H,0,0
2RBM,1247,A,76,ARG,H,0,0
2RBM,1248,A,76,ARG,H,0,0
2RBM,1249,A,76,ARG,H,0,0
2RBM,1250,A,76,ARG,H,0,0
2RBM,1251,A,76,ARG,H,0,0
2RBM,1252,A,77,GLY,N,0,0
2RBM,1253,A,77,GLY,CA,0,0
2RBM,1254,A,77,GLY,C,0,0
2RBM,1255,A,77,GLY,O,0,0
2RBM,1256,A,77,GLY,H,0,0
2RBM,1257,A,77,GLY,H,0,0
2RBM,1258,A,77,GLY,H,0,0
2RBM,1259,A,78,LEU,N,0,0
2RBM,1260,A,78,LEU,CA,0,0
2RBM,1261,A,78,LEU,C,0,0
2RBM,1262,A,78,LEU,O,0,0
2RBM,1263,A,78,LEU,H,0,0
2RBM,1264,A,78,LEU,H,0,0
2RBM,1265,A,78,LEU,C,0,0
2RBM,1266,A,78,LEU,C,0,0
2RBM,1267,A,78,LEU,C,0,0
2RBM,1268,A,78,LEU,C,0,0
2RBM,1269,A,78,LEU,H,0,0
2RBM,1270,A,78,LEU,H,0,0
2RBM,1271,A,78,LEU,H,0,0
2RBM,1272,A,78,LEU,H,0,0
2RBM,1273,A,78,LEU,H,0,0
2RBM,1274,A,78,LEU,H,0,0
2RBM,1275,A,78,LEU,H,0,0
2RBM,1276,A,78,LEU,H,0,0
2RBM,1277,A,78,LEU,H,0,0
2RBM,1278,A,79,ALA,N,0,0
2RBM,1279,A,79,ALA,CA,0,0
2RBM,1280,A,79,ALA,C,0,0
2RBM,1281,A,79,ALA,O,0,1
2RBM,1282,A,79,ALA,H,0,0
2RBM,1283,A,79,ALA,H,0,0
2RBM,1284,A,79,ALA,C,0,0
2RBM,1285,A,79,ALA,H,0,0
2RBM,1286,A,79,ALA,H,0,0
2RBM,1287,A,79,ALA,H,0,0
2RBM,1288,A,80,TYR,N,0,0
2RBM,1289,A,80,TYR,CA,0,0
2RBM,1290,A,80,TYR,C,0,0
2RBM,1291,A,80,TYR,O,0,0
2RBM,1292,A,80,TYR,H,0,0
2RBM,1293,A,80,TYR,H,0,0
2RBM,1294,A,80,TYR,C,0,0
2RBM,1295,A,80,TYR,C,0,0
2RBM,1296,A,80,TYR,C,0,0
2RBM,1297,A,80,TYR,C,0,0
2RBM,1298,A,80,TYR,C,0,0
2RBM,1299,A,80,TYR,C,0,0
2RBM,1300,A,80,TYR,C,0,0
2RBM,1301,A,80,TYR,OH,0,0
2RBM,1302,A,80,TYR,H,0,0
2RBM,1303,A,80,TYR,H,0,0
2RBM,1304,A,80,TYR,H,0,0
2RBM,1305,A,80,TYR,H,0,0
2RBM,1306,A,80,TYR,H,0,0
2RBM,1307,A,80,TYR,H,0,0
2RBM,1308,A,80,TYR,HO,0,0
2RBM,1309,A,81,ILE,N,0,0
2RBM,1310,A,81,ILE,CA,0,0
2RBM,1311,A,81,ILE,C,0,0
2RBM,1312,A,81,ILE,O,0,0
2RBM,1313,A,81,ILE,H,0,0
2RBM,1314,A,81,ILE,H,0,0
2RBM,1315,A,81,ILE,C,0,0
2RBM,1316,A,81,ILE,C,0,0
2RBM,1317,A,81,ILE,C,0,0
2RBM,1318,A,81,ILE,C,0,0
2RBM,1319,A,81,ILE,H,0,0
2RBM,1320,A,81,ILE,H,0,0
2RBM,1321,A,81,ILE,H,0,0
2RBM,1322,A,81,ILE,H,0,0
2RBM,1323,A,81,ILE,H,0,0
2RBM,1324,A,81,ILE,H,0,0
2RBM,1325,A,81,ILE,H,0,0
2RBM,1326,A,81,ILE,H,0,0
2RBM,1327,A,81,ILE,H,0,0
2RBM,1328,A,82,TYR,N,1,0
2RBM,1329,A,82,TYR,CA,0,0
2RBM,1330,A,82,TYR,C,0,0
2RBM,1331,A,82,TYR,O,0,0
2RBM,1332,A,82,TYR,H,0,0
2RBM,1333,A,82,TYR,H,0,0
2RBM,1334,A,82,TYR,C,0,0
2RBM,1335,A,82,TYR,C,0,0
2RBM,1336,A,82,TYR,C,0,0
2RBM,1337,A,82,TYR,C,0,0
2RBM,1338,A,82,TYR,C,0,0
2RBM,1339,A,82,TYR,C,0,0
2RBM,1340,A,82,TYR,C,0,0
2RBM,1341,A,82,TYR,OH,0,0
2RBM,1342,A,82,TYR,H,0,0
2RBM,1343,A,82,TYR,H,0,0
2RBM,1344,A,82,TYR,H,0,0
2RBM,1345,A,82,TYR,H,0,0
2RBM,1346,A,82,TYR,H,0,0
2RBM,1347,A,82,TYR,H,0,0
2RBM,1348,A,82,TYR,HO,0,0
2RBM,1349,A,83,ALA,N,0,0
2RBM,1350,A,83,ALA,CA,0,0
2RBM,1351,A,83,ALA,C,0,0
2RBM,1352,A,83,ALA,O,0,0
2RBM,1353,A,83,ALA,H,0,0
2RBM,1354,A,83,ALA,H,0,0
2RBM,1355,A,83,ALA,C,0,0
2RBM,1356,A,83,ALA,H,0,0
2RBM,1357,A,83,ALA,H,0,0
2RBM,1358,A,83,ALA,H,0,0
2RBM,1359,A,84,ASP,N,0,0
2RBM,1360,A,84,ASP,CA,0,0
2RBM,1361,A,84,ASP,C,0,0
2RBM,1362,A,84,ASP,O,0,1
2RBM,1363,A,84,ASP,H,0,0
2RBM,1364,A,84,ASP,H,0,0
2RBM,1365,A,84,ASP,C,0,0
2RBM,1366,A,84,ASP,C,0,0
2RBM,1367,A,84,ASP,O,0,0
2RBM,1368,A,84,ASP,O,0,0
2RBM,1369,A,84,ASP,H,0,0
2RBM,1370,A,84,ASP,H,0,0
2RBM,1371,A,85,GLY,N,0,0
2RBM,1372,A,85,GLY,CA,0,0
2RBM,1373,A,85,GLY,C,0,0
2RBM,1374,A,85,GLY,O,0,0
2RBM,1375,A,85,GLY,H,0,0
2RBM,1376,A,85,GLY,H,0,0
2RBM,1377,A,85,GLY,H,0,0
2RBM,1378,A,86,LYS,N,0,0
2RBM,1379,A,86,LYS,CA,0,0
2RBM,1380,A,86,LYS,C,0,0
2RBM,1381,A,86,LYS,O,0,0
2RBM,1382,A,86,LYS,H,0,0
2RBM,1383,A,86,LYS,H,0,0
2RBM,1384,A,86,LYS,C,0,0
2RBM,1385,A,86,LYS,C,0,0
2RBM,1386,A,86,LYS,C,0,0
2RBM,1387,A,86,LYS,C,0,0
2RBM,1388,A,86,LYS,N,1,0
2RBM,1389,A,86,LYS,H,0,0
2RBM,1390,A,86,LYS,H,0,0
2RBM,1391,A,86,LYS,H,0,0
2RBM,1392,A,86,LYS,H,0,0
2RBM,1393,A,86,LYS,H,0,0
2RBM,1394,A,86,LYS,H,0,0
2RBM,1395,A,86,LYS,H,0,0
2RBM,1396,A,86,LYS,H,0,0
2RBM,1397,A,86,LYS,H,0,0
2RBM,1398,A,86,LYS,H,0,0
2RBM,1399,A,86,LYS,H,0,0
2RBM,1400,A,87,MET,N,0,0
2RBM,1401,A,87,MET,CA,0,0
2RBM,1402,A,87,MET,C,0,0
2RBM,1403,A,87,MET,O,0,0
2RBM,1404,A,87,MET,H,0,0
2RBM,1405,A,87,MET,H,0,0
2RBM,1406,A,87,MET,C,0,0
2RBM,1407,A,87,MET,C,0,0
2RBM,1408,A,87,MET,S,0,0
2RBM,1409,A,87,MET,C,0,0
2RBM,1410,A,87,MET,H,0,0
2RBM,1411,A,87,MET,H,0,0
2RBM,1412,A,87,MET,H,0,0
2RBM,1413,A,87,MET,H,0,0
2RBM,1414,A,87,MET,H,0,0
2RBM,1415,A,87,MET,H,0,0
2RBM,1416,A,87,MET,H,0,0
2RBM,1417,A,88,VAL,N,0,0
2RBM,1418,A,88,VAL,CA,0,0
2RBM,1419,A,88,VAL,C,0,0
2RBM,1420,A,88,VAL,O,0,0
2RBM,1421,A,88,VAL,H,0,0
2RBM,1422,A,88,VAL,H,0,0
2RBM,1423,A,88,VAL,C,0,0
2RBM,1424,A,88,VAL,C,0,0
2RBM,1425,A,88,VAL,C,0,0
2RBM,1426,A,88,VAL,H,0,0
2RBM,1427,A,88,VAL,H,0,0
2RBM,1428,A,88,VAL,H,0,0
2RBM,1429,A,88,VAL,H,0,0
2RBM,1430,A,88,VAL,H,0,0
2RBM,1431,A,88,VAL,H,0,0
2RBM,1432,A,88,VAL,H,0,0
2RBM,1433,A,89,ASN,N,0,0
2RBM,1434,A,89,ASN,CA,0,0
2RBM,1435,A,89,ASN,C,0,0
2RBM,1436,A,89,ASN,O,0,0
2RBM,1437,A,89,ASN,H,0,0
2RBM,1438,A,89,ASN,H,0,0
2RBM,1439,A,89,ASN,C,0,0
2RBM,1440,A,89,ASN,C,0,0
2RBM,1441,A,89,ASN,O,0,0
2RBM,1442,A,89,ASN,N,1,0
2RBM,1443,A,89,ASN,H,0,0
2RBM,1444,A,89,ASN,H,0,0
2RBM,1445,A,89,ASN,H,0,0
2RBM,1446,A,89,ASN,H,0,0
2RBM,1447,A,90,GLU,N,0,0
2RBM,1448,A,90,GLU,CA,0,0
2RBM,1449,A,90,GLU,C,0,0
2RBM,1450,A,90,GLU,O,0,0
2RBM,1451,A,90,GLU,H,0,0
2RBM,1452,A,90,GLU,H,0,0
2RBM,1453,A,90,GLU,C,0,0
2RBM,1454,A,90,GLU,C,0,0
2RBM,1455,A,90,GLU,C,0,0
2RBM,1456,A,90,GLU,O,0,0
2RBM,1457,A,90,GLU,O,0,0
2RBM,1458,A,90,GLU,H,0,0
2RBM,1459,A,90,GLU,H,0,0
2RBM,1460,A,90,GLU,H,0,0
2RBM,1461,A,90,GLU,H,0,0
2RBM,1462,A,91,ALA,N,0,0
2RBM,1463,A,91,ALA,CA,0,0
2RBM,1464,A,91,ALA,C,0,0
2RBM,1465,A,91,ALA,O,0,0
2RBM,1466,A,91,ALA,H,0,0
2RBM,1467,A,91,ALA,H,0,0
2RBM,1468,A,91,ALA,C,0,0
2RBM,1469,A,91,ALA,H,0,0
2RBM,1470,A,91,ALA,H,0,0
2RBM,1471,A,91,ALA,H,0,0
2RBM,1472,A,92,LEU,N,0,0
2RBM,1473,A,92,LEU,CA,0,0
2RBM,1474,A,92,LEU,C,0,0
2RBM,1475,A,92,LEU,O,0,0
2RBM,1476,A,92,LEU,H,0,0
2RBM,1477,A,92,LEU,H,0,0
2RBM,1478,A,92,LEU,C,0,0
2RBM,1479,A,92,LEU,C,0,0
2RBM,1480,A,92,LEU,C,0,0
2RBM,1481,A,92,LEU,C,0,0
2RBM,1482,A,92,LEU,H,0,0
2RBM,1483,A,92,LEU,H,0,0
2RBM,1484,A,92,LEU,H,0,0
2RBM,1485,A,92,LEU,H,0,0
2RBM,1486,A,92,LEU,H,0,0
2RBM,1487,A,92,LEU,H,0,0
2RBM,1488,A,92,LEU,H,0,0
2RBM,1489,A,92,LEU,H,0,0
2RBM,1490,A,92,LEU,H,0,0
2RBM,1491,A,93,VAL,N,0,0
2RBM,1492,A,93,VAL,CA,0,0
2RBM,1493,A,93,VAL,C,0,0
2RBM,1494,A,93,VAL,O,0,0
2RBM,1495,A,93,VAL,H,0,0
2RBM,1496,A,93,VAL,H,0,0
2RBM,1497,A,93,VAL,C,0,0
2RBM,1498,A,93,VAL,C,0,0
2RBM,1499,A,93,VAL,C,0,0
2RBM,1500,A,93,VAL,H,0,0
2RBM,1501,A,93,VAL,H,0,0
2RBM,1502,A,93,VAL,H,0,0
2RBM,1503,A,93,VAL,H,0,0
2RBM,1504,A,93,VAL,H,0,0
2RBM,1505,A,93,VAL,H,0,0
2RBM,1506,A,93,VAL,H,0,0
2RBM,1507,A,94,ARG,N,0,0
2RBM,1508,A,94,ARG,CA,0,0
2RBM,1509,A,94,ARG,C,0,0
2RBM,1510,A,94,ARG,O,0,0
2RBM,1511,A,94,ARG,H,0,0
2RBM,1512,A,94,ARG,H,0,0
2RBM,1513,A,94,ARG,C,0,0
2RBM,1514,A,94,ARG,C,0,0
2RBM,1515,A,94,ARG,C,0,0
2RBM,1516,A,94,ARG,N,0,0
2RBM,1517,A,94,ARG,C,0,0
2RBM,1518,A,94,ARG,N,0,0
2RBM,1519,A,94,ARG,N,1,0
2RBM,1520,A,94,ARG,H,0,0
2RBM,1521,A,94,ARG,H,0,0
2RBM,1522,A,94,ARG,H,0,0
2RBM,1523,A,94,ARG,H,0,0
2RBM,1524,A,94,ARG,H,0,0
2RBM,1525,A,94,ARG,H,0,0
2RBM,1526,A,94,ARG,H,0,0
2RBM,1527,A,94,ARG,H,0,0
2RBM,1528,A,94,ARG,H,0,0
2RBM,1529,A,94,ARG,H,0,0
2RBM,1530,A,94,ARG,H,0,0
2RBM,1531,A,95,GLN,N,0,0
2RBM,1532,A,95,GLN,CA,0,0
2RBM,1533,A,95,GLN,C,0,0
2RBM,1534,A,95,GLN,O,0,0
2RBM,1535,A,95,GLN,H,0,0
2RBM,1536,A,95,GLN,H,0,0
2RBM,1537,A,95,GLN,C,0,0
2RBM,1538,A,95,GLN,C,0,0
2RBM,1539,A,95,GLN,C,0,0
2RBM,1540,A,95,GLN,O,0,0
2RBM,1541,A,95,GLN,N,0,0
2RBM,1542,A,95,GLN,H,0,0
2RBM,1543,A,95,GLN,H,0,0
2RBM,1544,A,95,GLN,H,0,0
2RBM,1545,A,95,GLN,H,0,0
2RBM,1546,A,95,GLN,H,0,0
2RBM,1547,A,95,GLN,H,0,0
2RBM,1548,A,96,GLY,N,0,0
2RBM,1549,A,96,GLY,CA,0,0
2RBM,1550,A,96,GLY,C,0,0
2RBM,1551,A,96,GLY,O,0,0
2RBM,1552,A,96,GLY,H,0,0
2RBM,1553,A,96,GLY,H,0,0
2RBM,1554,A,96,GLY,H,0,0
2RBM,1555,A,97,LEU,N,0,0
2RBM,1556,A,97,LEU,CA,0,0
2RBM,1557,A,97,LEU,C,0,0
2RBM,1558,A,97,LEU,O,0,0
2RBM,1559,A,97,LEU,H,0,0
2RBM,1560,A,97,LEU,H,0,0
2RBM,1561,A,97,LEU,C,0,0
2RBM,1562,A,97,LEU,C,0,0
2RBM,1563,A,97,LEU,C,0,0
2RBM,1564,A,97,LEU,C,0,0
2RBM,1565,A,97,LEU,H,0,0
2RBM,1566,A,97,LEU,H,0,0
2RBM,1567,A,97,LEU,H,0,0
2RBM,1568,A,97,LEU,H,0,0
2RBM,1569,A,97,LEU,H,0,0
2RBM,1570,A,97,LEU,H,0,0
2RBM,1571,A,97,LEU,H,0,0
2RBM,1572,A,97,LEU,H,0,0
2RBM,1573,A,97,LEU,H,0,0
2RBM,1574,A,98,ALA,N,0,0
2RBM,1575,A,98,ALA,CA,0,0
2RBM,1576,A,98,ALA,C,0,0
2RBM,1577,A,98,ALA,O,0,0
2RBM,1578,A,98,ALA,H,0,0
2RBM,1579,A,98,ALA,H,0,0
2RBM,1580,A,98,ALA,C,0,0
2RBM,1581,A,98,ALA,H,0,0
2RBM,1582,A,98,ALA,H,0,0
2RBM,1583,A,98,ALA,H,0,0
2RBM,1584,A,99,LYS,N,0,0
2RBM,1585,A,99,LYS,CA,0,0
2RBM,1586,A,99,LYS,C,0,0
2RBM,1587,A,99,LYS,O,0,0
2RBM,1588,A,99,LYS,H,0,0
2RBM,1589,A,99,LYS,H,0,0
2RBM,1590,A,99,LYS,C,0,0
2RBM,1591,A,99,LYS,C,0,0
2RBM,1592,A,99,LYS,C,0,0
2RBM,1593,A,99,LYS,C,0,0
2RBM,1594,A,99,LYS,N,0,0
2RBM,1595,A,99,LYS,H,0,0
2RBM,1596,A,99,LYS,H,0,0
2RBM,1597,A,99,LYS,H,0,0
2RBM,1598,A,99,LYS,H,0,0
2RBM,1599,A,99,LYS,H,0,0
2RBM,1600,A,99,LYS,H,0,0
2RBM,1601,A,99,LYS,H,0,0
2RBM,1602,A,99,LYS,H,0,0
2RBM,1603,A,99,LYS,H,0,0
2RBM,1604,A,99,LYS,H,0,0
2RBM,1605,A,99,LYS,H,0,0
2RBM,1606,A,100,VAL,N,0,0
2RBM,1607,A,100,VAL,CA,0,0
2RBM,1608,A,100,VAL,C,0,0
2RBM,1609,A,100,VAL,O,0,0
2RBM,1610,A,100,VAL,H,0,0
2RBM,1611,A,100,VAL,H,0,0
2RBM,1612,A,100,VAL,C,0,0
2RBM,1613,A,100,VAL,C,0,0
2RBM,1614,A,100,VAL,C,0,0
2RBM,1615,A,100,VAL,H,0,0
2RBM,1616,A,100,VAL,H,0,0
2RBM,1617,A,100,VAL,H,0,0
2RBM,1618,A,100,VAL,H,0,0
2RBM,1619,A,100,VAL,H,0,0
2RBM,1620,A,100,VAL,H,0,0
2RBM,1621,A,100,VAL,H,0,0
2RBM,1622,A,101,ALA,N,0,0
2RBM,1623,A,101,ALA,CA,0,0
2RBM,1624,A,101,ALA,C,0,0
2RBM,1625,A,101,ALA,O,0,0
2RBM,1626,A,101,ALA,H,0,0
2RBM,1627,A,101,ALA,H,0,0
2RBM,1628,A,101,ALA,C,0,0
2RBM,1629,A,101,ALA,H,0,0
2RBM,1630,A,101,ALA,H,0,0
2RBM,1631,A,101,ALA,H,0,0
2RBM,1632,A,102,TYR,N,0,0
2RBM,1633,A,102,TYR,CA,0,0
2RBM,1634,A,102,TYR,C,0,0
2RBM,1635,A,102,TYR,O,0,0
2RBM,1636,A,102,TYR,H,0,0
2RBM,1637,A,102,TYR,H,0,0
2RBM,1638,A,102,TYR,C,0,0
2RBM,1639,A,102,TYR,C,0,0
2RBM,1640,A,102,TYR,C,0,0
2RBM,1641,A,102,TYR,C,0,0
2RBM,1642,A,102,TYR,C,0,0
2RBM,1643,A,102,TYR,C,0,0
2RBM,1644,A,102,TYR,C,0,0
2RBM,1645,A,102,TYR,OH,0,0
2RBM,1646,A,102,TYR,H,0,0
2RBM,1647,A,102,TYR,H,0,0
2RBM,1648,A,102,TYR,H,0,0
2RBM,1649,A,102,TYR,H,0,0
2RBM,1650,A,102,TYR,H,0,0
2RBM,1651,A,102,TYR,H,0,0
2RBM,1652,A,102,TYR,HO,0,0
2RBM,1653,A,103,VAL,N,0,0
2RBM,1654,A,103,VAL,CA,0,0
2RBM,1655,A,103,VAL,C,0,0
2RBM,1656,A,103,VAL,O,0,0
2RBM,1657,A,103,VAL,H,0,0
2RBM,1658,A,103,VAL,H,0,0
2RBM,1659,A,103,VAL,C,0,0
2RBM,1660,A,103,VAL,C,0,0
2RBM,1661,A,103,VAL,C,0,0
2RBM,1662,A,103,VAL,H,0,0
2RBM,1663,A,103,VAL,H,0,0
2RBM,1664,A,103,VAL,H,0,0
2RBM,1665,A,103,VAL,H,0,0
2RBM,1666,A,103,VAL,H,0,0
2RBM,1667,A,103,VAL,H,0,0
2RBM,1668,A,103,VAL,H,0,0
2RBM,1669,A,104,TYR,N,0,0
2RBM,1670,A,104,TYR,CA,0,0
2RBM,1671,A,104,TYR,C,0,0
2RBM,1672,A,104,TYR,O,0,0
2RBM,1673,A,104,TYR,H,0,0
2RBM,1674,A,104,TYR,H,0,0
2RBM,1675,A,104,TYR,C,0,0
2RBM,1676,A,104,TYR,C,0,0
2RBM,1677,A,104,TYR,C,0,0
2RBM,1678,A,104,TYR,C,0,0
2RBM,1679,A,104,TYR,C,0,0
2RBM,1680,A,104,TYR,C,0,0
2RBM,1681,A,104,TYR,C,0,0
2RBM,1682,A,104,TYR,OH,0,0
2RBM,1683,A,104,TYR,H,0,0
2RBM,1684,A,104,TYR,H,0,0
2RBM,1685,A,104,TYR,H,0,0
2RBM,1686,A,104,TYR,H,0,0
2RBM,1687,A,104,TYR,H,0,0
2RBM,1688,A,104,TYR,H,0,0
2RBM,1689,A,104,TYR,HO,0,0
2RBM,1690,A,105,LYS,N,0,0
2RBM,1691,A,105,LYS,CA,0,0
2RBM,1692,A,105,LYS,C,0,0
2RBM,1693,A,105,LYS,O,0,0
2RBM,1694,A,105,LYS,H,0,0
2RBM,1695,A,105,LYS,H,0,0
2RBM,1696,A,105,LYS,C,0,0
2RBM,1697,A,105,LYS,C,0,0
2RBM,1698,A,105,LYS,C,0,0
2RBM,1699,A,105,LYS,C,0,0
2RBM,1700,A,105,LYS,N,0,0
2RBM,1701,A,105,LYS,H,0,0
2RBM,1702,A,105,LYS,H,0,0
2RBM,1703,A,105,LYS,H,0,0
2RBM,1704,A,105,LYS,H,0,0
2RBM,1705,A,105,LYS,H,0,0
2RBM,1706,A,105,LYS,H,0,0
2RBM,1707,A,105,LYS,H,0,0
2RBM,1708,A,105,LYS,H,0,0
2RBM,1709,A,105,LYS,H,0,0
2RBM,1710,A,105,LYS,H,0,0
2RBM,1711,A,105,LYS,H,0,0
2RBM,1712,A,106,GLY,N,0,0
2RBM,1713,A,106,GLY,CA,0,0
2RBM,1714,A,106,GLY,C,0,0
2RBM,1715,A,106,GLY,O,0,0
2RBM,1716,A,106,GLY,H,0,0
2RBM,1717,A,106,GLY,H,0,0
2RBM,1718,A,106,GLY,H,0,0
2RBM,1719,A,107,ASN,N,0,0
2RBM,1720,A,107,ASN,CA,0,0
2RBM,1721,A,107,ASN,C,0,0
2RBM,1722,A,107,ASN,O,0,0
2RBM,1723,A,107,ASN,H,0,0
2RBM,1724,A,107,ASN,H,0,0
2RBM,1725,A,107,ASN,C,0,0
2RBM,1726,A,107,ASN,C,0,0
2RBM,1727,A,107,ASN,O,0,0
2RBM,1728,A,107,ASN,N,1,0
2RBM,1729,A,107,ASN,H,0,0
2RBM,1730,A,107,ASN,H,0,0
2RBM,1731,A,107,ASN,H,0,0
2RBM,1732,A,107,ASN,H,0,0
2RBM,1733,A,108,ASN,N,0,0
2RBM,1734,A,108,ASN,CA,0,0
2RBM,1735,A,108,ASN,C,0,0
2RBM,1736,A,108,ASN,O,0,0
2RBM,1737,A,108,ASN,H,0,0
2RBM,1738,A,108,ASN,H,0,0
2RBM,1739,A,108,ASN,C,0,0
2RBM,1740,A,108,ASN,C,0,0
2RBM,1741,A,108,ASN,O,0,0
2RBM,1742,A,108,ASN,N,0,0
2RBM,1743,A,108,ASN,H,0,0
2RBM,1744,A,108,ASN,H,0,0
2RBM,1745,A,108,ASN,H,0,0
2RBM,1746,A,108,ASN,H,0,0
2RBM,1747,A,109,THR,N,0,0
2RBM,1748,A,109,THR,CA,0,0
2RBM,1749,A,109,THR,C,0,0
2RBM,1750,A,109,THR,O,0,0
2RBM,1751,A,109,THR,H,0,0
2RBM,1752,A,109,THR,H,0,0
2RBM,1753,A,109,THR,C,0,0
2RBM,1754,A,109,THR,OH,0,0
2RBM,1755,A,109,THR,C,0,0
2RBM,1756,A,109,THR,H,0,0
2RBM,1757,A,109,THR,HO,0,0
2RBM,1758,A,109,THR,H,0,0
2RBM,1759,A,109,THR,H,0,0
2RBM,1760,A,109,THR,H,0,0
2RBM,1761,A,110,HIS,N,0,0
2RBM,1762,A,110,HIS,CA,0,0
2RBM,1763,A,110,HIS,C,0,0
2RBM,1764,A,110,HIS,O,0,0
2RBM,1765,A,110,HIS,H,0,0
2RBM,1766,A,110,HIS,H,0,0
2RBM,1767,A,110,HIS,C,0,0
2RBM,1768,A,110,HIS,C,0,0
2RBM,1769,A,110,HIS,N,0,0
2RBM,1770,A,110,HIS,C,0,0
2RBM,1771,A,110,HIS,C,0,0
2RBM,1772,A,110,HIS,N,2,0
2RBM,1773,A,110,HIS,H,0,0
2RBM,1774,A,110,HIS,H,0,0
2RBM,1775,A,110,HIS,H,0,0
2RBM,1776,A,110,HIS,H,0,0
2RBM,1777,A,110,HIS,H,0,0
2RBM,1778,A,110,HIS,H,0,0
2RBM,1779,A,111,GLU,N,0,0
2RBM,1780,A,111,GLU,CA,0,0
2RBM,1781,A,111,GLU,C,0,0
2RBM,1782,A,111,GLU,O,0,0
2RBM,1783,A,111,GLU,H,0,0
2RBM,1784,A,111,GLU,H,0,0
2RBM,1785,A,111,GLU,C,0,0
2RBM,1786,A,111,GLU,C,0,0
2RBM,1787,A,111,GLU,C,0,0
2RBM,1788,A,111,GLU,O,0,0
2RBM,1789,A,111,GLU,O,0,0
2RBM,1790,A,111,GLU,H,0,0
2RBM,1791,A,111,GLU,H,0,0
2RBM,1792,A,111,GLU,H,0,0
2RBM,1793,A,111,GLU,H,0,0
2RBM,1794,A,112,GLN,N,0,0
2RBM,1795,A,112,GLN,CA,0,0
2RBM,1796,A,112,GLN,C,0,0
2RBM,1797,A,112,GLN,O,0,0
2RBM,1798,A,112,GLN,H,0,0
2RBM,1799,A,112,GLN,H,0,0
2RBM,1800,A,112,GLN,C,0,0
2RBM,1801,A,112,GLN,C,0,0
2RBM,1802,A,112,GLN,C,0,0
2RBM,1803,A,112,GLN,O,0,0
2RBM,1804,A,112,GLN,N,0,0
2RBM,1805,A,112,GLN,H,0,0
2RBM,1806,A,112,GLN,H,0,0
2RBM,1807,A,112,GLN,H,0,0
2RBM,1808,A,112,GLN,H,0,0
2RBM,1809,A,112,GLN,H,0,0
2RBM,1810,A,112,GLN,H,0,0
2RBM,1811,A,113,LEU,N,0,0
2RBM,1812,A,113,LEU,CA,0,0
2RBM,1813,A,113,LEU,C,0,0
2RBM,1814,A,113,LEU,O,0,0
2RBM,1815,A,113,LEU,H,0,0
2RBM,1816,A,113,LEU,H,0,0
2RBM,1817,A,113,LEU,C,0,0
2RBM,1818,A,113,LEU,C,0,0
2RBM,1819,A,113,LEU,C,0,0
2RBM,1820,A,113,LEU,C,0,0
2RBM,1821,A,113,LEU,H,0,0
2RBM,1822,A,113,LEU,H,0,0
2RBM,1823,A,113,LEU,H,0,0
2RBM,1824,A,113,LEU,H,0,0
2RBM,1825,A,113,LEU,H,0,0
2RBM,1826,A,113,LEU,H,0,0
2RBM,1827,A,113,LEU,H,0,0
2RBM,1828,A,113,LEU,H,0,0
2RBM,1829,A,113,LEU,H,0,0
2RBM,1830,A,114,LEU,N,0,0
2RBM,1831,A,114,LEU,CA,0,0
2RBM,1832,A,114,LEU,C,0,0
2RBM,1833,A,114,LEU,O,0,0
2RBM,1834,A,114,LEU,H,0,0
2RBM,1835,A,114,LEU,H,0,0
2RBM,1836,A,114,LEU,C,0,0
2RBM,1837,A,114,LEU,C,0,0
2RBM,1838,A,114,LEU,C,0,0
2RBM,1839,A,114,LEU,C,0,0
2RBM,1840,A,114,LEU,H,0,0
2RBM,1841,A,114,LEU,H,0,0
2RBM,1842,A,114,LEU,H,0,0
2RBM,1843,A,114,LEU,H,0,0
2RBM,1844,A,114,LEU,H,0,0
2RBM,1845,A,114,LEU,H,0,0
2RBM,1846,A,114,LEU,H,0,0
2RBM,1847,A,114,LEU,H,0,0
2RBM,1848,A,114,LEU,H,0,0
2RBM,1849,A,115,ARG,N,0,0
2RBM,1850,A,115,ARG,CA,0,0
2RBM,1851,A,115,ARG,C,0,0
2RBM,1852,A,115,ARG,O,0,0
2RBM,1853,A,115,ARG,H,0,0
2RBM,1854,A,115,ARG,H,0,0
2RBM,1855,A,115,ARG,C,0,0
2RBM,1856,A,115,ARG,C,0,0
2RBM,1857,A,115,ARG,C,0,0
2RBM,1858,A,115,ARG,N,0,0
2RBM,1859,A,115,ARG,C,0,0
2RBM,1860,A,115,ARG,N,0,0
2RBM,1861,A,115,ARG,N,0,0
2RBM,1862,A,115,ARG,H,0,0
2RBM,1863,A,115,ARG,H,0,0
2RBM,1864,A,115,ARG,H,0,0
2RBM,1865,A,115,ARG,H,0,0
2RBM,1866,A,115,ARG,H,0,0
2RBM,1867,A,115,ARG,H,0,0
2RBM,1868,A,115,ARG,H,0,0
2RBM,1869,A,115,ARG,H,0,0
2RBM,1870,A,115,ARG,H,0,0
2RBM,1871,A,115,ARG,H,0,0
2RBM,1872,A,115,ARG,H,0,0
2RBM,1873,A,116,LYS,N,0,0
2RBM,1874,A,116,LYS,CA,0,0
2RBM,1875,A,116,LYS,C,0,0
2RBM,1876,A,116,LYS,O,0,0
2RBM,1877,A,116,LYS,H,0,0
2RBM,1878,A,116,LYS,H,0,0
2RBM,1879,A,116,LYS,C,0,0
2RBM,1880,A,116,LYS,C,0,0
2RBM,1881,A,116,LYS,C,0,0
2RBM,1882,A,116,LYS,C,0,0
2RBM,1883,A,116,LYS,N,0,0
2RBM,1884,A,116,LYS,H,0,0
2RBM,1885,A,116,LYS,H,0,0
2RBM,1886,A,116,LYS,H,0,0
2RBM,1887,A,116,LYS,H,0,0
2RBM,1888,A,116,LYS,H,0,0
2RBM,1889,A,116,LYS,H,0,0
2RBM,1890,A,116,LYS,H,0,0
2RBM,1891,A,116,LYS,H,0,0
2RBM,1892,A,116,LYS,H,0,0
2RBM,1893,A,116,LYS,H,0,0
2RBM,1894,A,116,LYS,H,0,0
2RBM,1895,A,117,ALA,N,0,0
2RBM,1896,A,117,ALA,CA,0,0
2RBM,1897,A,117,ALA,C,0,0
2RBM,1898,A,117,ALA,O,0,0
2RBM,1899,A,117,ALA,H,0,0
2RBM,1900,A,117,ALA,H,0,0
2RBM,1901,A,117,ALA,C,0,0
2RBM,1902,A,117,ALA,H,0,0
2RBM,1903,A,117,ALA,H,0,0
2RBM,1904,A,117,ALA,H,0,0
2RBM,1905,A,118,GLU,N,0,0
2RBM,1906,A,118,GLU,CA,0,0
2RBM,1907,A,118,GLU,C,0,0
2RBM,1908,A,118,GLU,O,0,0
2RBM,1909,A,118,GLU,H,0,0
2RBM,1910,A,118,GLU,H,0,0
2RBM,1911,A,118,GLU,C,0,0
2RBM,1912,A,118,GLU,C,0,0
2RBM,1913,A,118,GLU,C,0,0
2RBM,1914,A,118,GLU,O,0,0
2RBM,1915,A,118,GLU,O,0,1
2RBM,1916,A,118,GLU,H,0,0
2RBM,1917,A,118,GLU,H,0,0
2RBM,1918,A,118,GLU,H,0,0
2RBM,1919,A,118,GLU,H,0,0
2RBM,1920,A,119,ALA,N,0,0
2RBM,1921,A,119,ALA,CA,0,0
2RBM,1922,A,119,ALA,C,0,0
2RBM,1923,A,119,ALA,O,0,0
2RBM,1924,A,119,ALA,H,0,0
2RBM,1925,A,119,ALA,H,0,0
2RBM,1926,A,119,ALA,C,0,0
2RBM,1927,A,119,ALA,H,0,0
2RBM,1928,A,119,ALA,H,0,0
2RBM,1929,A,119,ALA,H,0,0
2RBM,1930,A,120,GLN,N,0,0
2RBM,1931,A,120,GLN,CA,0,0
2RBM,1932,A,120,GLN,C,0,0
2RBM,1933,A,120,GLN,O,0,0
2RBM,1934,A,120,GLN,H,0,0
2RBM,1935,A,120,GLN,H,0,0
2RBM,1936,A,120,GLN,C,0,0
2RBM,1937,A,120,GLN,C,0,0
2RBM,1938,A,120,GLN,C,0,0
2RBM,1939,A,120,GLN,O,0,0
2RBM,1940,A,120,GLN,N,0,0
2RBM,1941,A,120,GLN,H,0,0
2RBM,1942,A,120,GLN,H,0,0
2RBM,1943,A,120,GLN,H,0,0
2RBM,1944,A,120,GLN,H,0,0
2RBM,1945,A,120,GLN,H,0,0
2RBM,1946,A,120,GLN,H,0,0
2RBM,1947,A,121,ALA,N,0,0
2RBM,1948,A,121,ALA,CA,0,0
2RBM,1949,A,121,ALA,C,0,0
2RBM,1950,A,121,ALA,O,0,0
2RBM,1951,A,121,ALA,H,0,0
2RBM,1952,A,121,ALA,H,0,0
2RBM,1953,A,121,ALA,C,0,0
2RBM,1954,A,121,ALA,H,0,0
2RBM,1955,A,121,ALA,H,0,0
2RBM,1956,A,121,ALA,H,0,0
2RBM,1957,A,122,LYS,N,0,0
2RBM,1958,A,122,LYS,CA,0,0
2RBM,1959,A,122,LYS,C,0,0
2RBM,1960,A,122,LYS,O,0,1
2RBM,1961,A,122,LYS,H,0,0
2RBM,1962,A,122,LYS,H,0,0
2RBM,1963,A,122,LYS,C,0,0
2RBM,1964,A,122,LYS,C,0,0
2RBM,1965,A,122,LYS,C,0,0
2RBM,1966,A,122,LYS,C,0,0
2RBM,1967,A,122,LYS,N,1,0
2RBM,1968,A,122,LYS,H,0,0
2RBM,1969,A,122,LYS,H,0,0
2RBM,1970,A,122,LYS,H,0,0
2RBM,1971,A,122,LYS,H,0,0
2RBM,1972,A,122,LYS,H,0,0
2RBM,1973,A,122,LYS,H,0,0
2RBM,1974,A,122,LYS,H,0,0
2RBM,1975,A,122,LYS,H,0,0
2RBM,1976,A,122,LYS,H,0,0
2RBM,1977,A,122,LYS,H,0,0
2RBM,1978,A,122,LYS,H,0,0
2RBM,1979,A,123,LYS,N,0,0
2RBM,1980,A,123,LYS,CA,0,0
2RBM,1981,A,123,LYS,C,0,0
2RBM,1982,A,123,LYS,O,0,0
2RBM,1983,A,123,LYS,H,0,0
2RBM,1984,A,123,LYS,H,0,0
2RBM,1985,A,123,LYS,C,0,0
2RBM,1986,A,123,LYS,C,0,0
2RBM,1987,A,123,LYS,C,0,0
2RBM,1988,A,123,LYS,C,0,0
2RBM,1989,A,123,LYS,N,0,0
2RBM,1990,A,123,LYS,H,0,0
2RBM,1991,A,123,LYS,H,0,0
2RBM,1992,A,123,LYS,H,0,0
2RBM,1993,A,123,LYS,H,0,0
2RBM,1994,A,123,LYS,H,0,0
2RBM,1995,A,123,LYS,H,0,0
2RBM,1996,A,123,LYS,H,0,0
2RBM,1997,A,123,LYS,H,0,0
2RBM,1998,A,123,LYS,H,0,0
2RBM,1999,A,123,LYS,H,0,0
2RBM,2000,A,123,LYS,H,0,0
2RBM,2001,A,124,GLU,N,0,0
2RBM,2002,A,124,GLU,CA,0,0
2RBM,2003,A,124,GLU,C,0,0
2RBM,2004,A,124,GLU,O,0,0
2RBM,2005,A,124,GLU,H,0,0
2RBM,2006,A,124,GLU,H,0,0
2RBM,2007,A,124,GLU,C,0,0
2RBM,2008,A,124,GLU,C,0,0
2RBM,2009,A,124,GLU,C,0,0
2RBM,2010,A,124,GLU,O,0,0
2RBM,2011,A,124,GLU,O,0,1
2RBM,2012,A,124,GLU,H,0,0
2RBM,2013,A,124,GLU,H,0,0
2RBM,2014,A,124,GLU,H,0,0
2RBM,2015,A,124,GLU,H,0,0
2RBM,2016,A,125,LYS,N,0,0
2RBM,2017,A,125,LYS,CA,0,0
2RBM,2018,A,125,LYS,C,0,0
2RBM,2019,A,125,LYS,O,0,0
2RBM,2020,A,125,LYS,H,0,0
2RBM,2021,A,125,LYS,H,0,0
2RBM,2022,A,125,LYS,C,0,0
2RBM,2023,A,125,LYS,C,0,0
2RBM,2024,A,125,LYS,C,0,0
2RBM,2025,A,125,LYS,C,0,0
2RBM,2026,A,125,LYS,N,1,0
2RBM,2027,A,125,LYS,H,0,0
2RBM,2028,A,125,LYS,H,0,0
2RBM,2029,A,125,LYS,H,0,0
2RBM,2030,A,125,LYS,H,0,0
2RBM,2031,A,125,LYS,H,0,0
2RBM,2032,A,125,LYS,H,0,0
2RBM,2033,A,125,LYS,H,0,0
2RBM,2034,A,125,LYS,H,0,0
2RBM,2035,A,125,LYS,H,0,0
2RBM,2036,A,125,LYS,H,0,0
2RBM,2037,A,125,LYS,H,0,0
2RBM,2038,A,126,LEU,N,0,0
2RBM,2039,A,126,LEU,CA,0,0
2RBM,2040,A,126,LEU,C,0,0
2RBM,2041,A,126,LEU,O,0,0
2RBM,2042,A,126,LEU,H,0,0
2RBM,2043,A,126,LEU,H,0,0
2RBM,2044,A,126,LEU,C,0,0
2RBM,2045,A,126,LEU,C,0,0
2RBM,2046,A,126,LEU,C,0,0
2RBM,2047,A,126,LEU,C,0,0
2RBM,2048,A,126,LEU,H,0,0
2RBM,2049,A,126,LEU,H,0,0
2RBM,2050,A,126,LEU,H,0,0
2RBM,2051,A,126,LEU,H,0,0
2RBM,2052,A,126,LEU,H,0,0
2RBM,2053,A,126,LEU,H,0,0
2RBM,2054,A,126,LEU,H,0,0
2RBM,2055,A,126,LEU,H,0,0
2RBM,2056,A,126,LEU,H,0,0
2RBM,2057,A,127,ASN,N,0,0
2RBM,2058,A,127,ASN,CA,0,0
2RBM,2059,A,127,ASN,C,0,0
2RBM,2060,A,127,ASN,O,0,0
2RBM,2061,A,127,ASN,H,0,0
2RBM,2062,A,127,ASN,H,0,0
2RBM,2063,A,127,ASN,C,0,0
2RBM,2064,A,127,ASN,C,0,0
2RBM,2065,A,127,ASN,O,0,0
2RBM,2066,A,127,ASN,N,0,0
2RBM,2067,A,127,ASN,H,0,0
2RBM,2068,A,127,ASN,H,0,0
2RBM,2069,A,127,ASN,H,0,0
2RBM,2070,A,127,ASN,H,0,0
2RBM,2071,A,128,ILE,N,0,0
2RBM,2072,A,128,ILE,CA,0,0
2RBM,2073,A,128,ILE,C,0,0
2RBM,2074,A,128,ILE,O,0,0
2RBM,2075,A,128,ILE,H,0,0
2RBM,2076,A,128,ILE,H,0,0
2RBM,2077,A,128,ILE,C,0,0
2RBM,2078,A,128,ILE,C,0,0
2RBM,2079,A,128,ILE,C,0,0
2RBM,2080,A,128,ILE,C,0,0
2RBM,2081,A,128,ILE,H,0,0
2RBM,2082,A,128,ILE,H,0,0
2RBM,2083,A,128,ILE,H,0,0
2RBM,2084,A,128,ILE,H,0,0
2RBM,2085,A,128,ILE,H,0,0
2RBM,2086,A,128,ILE,H,0,0
2RBM,2087,A,128,ILE,H,0,0
2RBM,2088,A,128,ILE,H,0,0
2RBM,2089,A,128,ILE,H,0,0
2RBM,2090,A,129,TRP,N,0,0
2RBM,2091,A,129,TRP,CA,0,0
2RBM,2092,A,129,TRP,C,0,0
2RBM,2093,A,129,TRP,O,0,0
2RBM,2094,A,129,TRP,H,0,0
2RBM,2095,A,129,TRP,H,0,0
2RBM,2096,A,129,TRP,C,0,0
2RBM,2097,A,129,TRP,C,0,0
2RBM,2098,A,129,TRP,C,0,0
2RBM,2099,A,129,TRP,C,0,0
2RBM,2100,A,129,TRP,N,0,0
2RBM,2101,A,129,TRP,C,0,0
2RBM,2102,A,129,TRP,C,0,0
2RBM,2103,A,129,TRP,C,0,0
2RBM,2104,A,129,TRP,C,0,0
2RBM,2105,A,129,TRP,C,0,0
2RBM,2106,A,129,TRP,H,0,0
2RBM,2107,A,129,TRP,H,0,0
2RBM,2108,A,129,TRP,H,0,0
2RBM,2109,A,129,TRP,H,0,0
2RBM,2110,A,129,TRP,H,0,0
2RBM,2111,A,129,TRP,H,0,0
2RBM,2112,A,129,TRP,H,0,0
2RBM,2113,A,129,TRP,H,0,0
2RBM,2114,A,130,SER,N,0,0
2RBM,2115,A,130,SER,CA,0,0
2RBM,2116,A,130,SER,C,0,0
2RBM,2117,A,130,SER,O,0,0
2RBM,2118,A,130,SER,H,0,0
2RBM,2119,A,130,SER,H,0,0
2RBM,2120,A,130,SER,C,0,0
2RBM,2121,A,130,SER,OH,0,0
2RBM,2122,A,130,SER,H,0,0
2RBM,2123,A,130,SER,H,0,0
2RBM,2124,A,130,SER,HO,0,0
2RBM,2125,A,130,SER,O,0,0
