Residue Name_Aspartate,Residue Name_Glutamate,Residue Name_Histidine,Residue Name_Lysine,atom_label,recalculated_x,recalculated_y,recalculated_z,Dipole_X,Dipole_Y,Dipole_Z,Radius_11A_N_Count,Radius_11A_CA_C_Count,Radius_11A_O_Count,Radius_11A_S_Count,Number of H-Bonds as donor,Number of H-Bonds as acceptor,SASA_Value,Expt.pKa
1,0,0,0,0,-0.5378216249884005,-0.8021302449538844,-1.0985228230360344,-0.029672,-0.072616,0.316292,0.764705882,0.606217617,0.723404255,0.0,0,0,0.0,4.1
1,0,0,0,1,0.0,0.0,0.0,-0.147906,0.489655,0.636028,0.647058824,0.523316062,0.723404255,0.0,0,0,0.0,4.1
1,0,0,0,2,1.5365365651145433,7.382138399637184e-18,-4.753965227843594e-17,-0.091118,-0.068815,0.346649,0.607843137,0.476683938,0.638297872,0.0,0,0,0.0,4.1
1,0,0,0,3,2.171855312391623,1.0564599223715403,-1.7246647396773662e-16,-0.1388,-0.24656,0.444152,0.588235294,0.481865285,0.723404255,0.0,0,0,0.0,4.1
1,0,0,0,4,-1.02211009623902,-1.667134980324186,-0.8208969262347964,-0.06854,-0.134315,0.250818,0.705882353,0.585492228,0.680851064,0.0,0,0,0.0,4.1
1,0,0,0,4,-0.3001932318041618,1.064466261703002,-0.1630841479482541,0.079359,0.384477,-0.149452,0.705882353,0.611398964,0.787234043,0.25,0,0,0.0,4.1
1,0,0,0,5,-0.5659910191920304,-0.4787832261117761,1.3641033159867195,-0.404867,-0.032513,0.242534,0.647058824,0.455958549,0.617021277,0.0,0,0,0.0,4.1
1,0,0,0,5,-0.0869532016812389,0.3183497684425885,2.55153814372898,-0.533604,0.125543,-0.021322,0.588235294,0.414507772,0.595744681,0.0,0,0,0.021385085,4.1
1,0,0,0,8,0.3483862863622067,1.48098541451211,2.40249330262545,-0.392351,0.336203,-0.076446,0.568627451,0.435233161,0.595744681,0.0,0,0,0.029018681,4.1
1,0,0,0,8,-0.0469348561110405,-0.2744635985120989,3.6710578007157033,-0.526318,0.333012,-0.5601,0.490196078,0.341968912,0.553191489,0.0,0,0,0.19866636,4.1
1,0,0,0,7,-0.3145235604861602,-1.5575151572376698,1.51065989152126,-0.128722,-0.158244,-0.038992,0.607843137,0.435233161,0.574468085,0.0,0,0,0.000884882,4.1
1,0,0,0,7,-1.679574871159423,-0.4043079113413977,1.3271696094801018,-0.214018,0.187094,0.022076,0.705882353,0.533678756,0.70212766,0.0,0,0,0.0,4.1
