Residue Name_Aspartate,Residue Name_Glutamate,Residue Name_Histidine,Residue Name_Lysine,atom_label,recalculated_x,recalculated_y,recalculated_z,Dipole_X,Dipole_Y,Dipole_Z,Radius_7A_N_Count,Radius_7A_CA_C_Count,Radius_7A_O_Count,Radius_7A_S_Count,Number of H-Bonds as donor,Number of H-Bonds as acceptor,SASA_Value,Expt.pKa
1,0,0,0,0,-0.580787564,-0.844812793,1.049481929,-0.060541,0.31655,-0.199142,0.263157895,0.308823529,0.388888889,0.0,0,0,0.001139155,4.22
1,0,0,0,1,0.0,0.0,0.0,-0.172551,0.75847,-0.597922,0.210526316,0.264705882,0.222222222,0.0,0,0,0.0,4.22
1,0,0,0,2,1.548183284,8.55e-17,4.72e-17,-0.309897,0.090273,-0.216876,0.263157895,0.25,0.333333333,0.0,0,0,0.025158923,4.22
1,0,0,0,3,2.203155279,1.055066815,-4.03e-17,-0.378159,-0.157231,0.061759,0.210526316,0.191176471,0.388888889,0.0,0,0,0.15513834,4.22
1,0,0,0,4,-0.935229632,-0.308408345,1.850301512,0.019593,0.159133,-0.024456,0.315789474,0.352941176,0.444444444,0.0,0,0,0.06548126,4.22
1,0,0,0,4,-0.314543385,-0.399574126,-0.99636691,-0.151557,-0.188686,-0.269386,0.210526316,0.235294118,0.222222222,0.0,0,0,0.13450205,4.22
1,0,0,0,5,-0.530674505,1.463311187,0.145003879,0.449182,-0.054168,-0.020956,0.210526316,0.161764706,0.222222222,0.0,0,0,0.003773838,4.22
1,0,0,0,5,-2.033054814,1.668340395,0.28816705,0.032851,-0.285556,0.066306,0.157894737,0.161764706,0.277777778,0.0,0,0,0.056607574,4.22
1,0,0,0,8,-2.799079497,0.706676947,0.044328502,-0.099254,-0.366233,0.020685,0.263157895,0.147058824,0.333333333,0.0,0,0,0.23214945,4.22
1,0,0,0,8,-2.427039812,2.797739939,0.697196107,-0.485273,-0.282878,-0.253219,0.157894737,0.147058824,0.388888889,0.0,0,0,0.18304092,4.22
1,0,0,0,7,-0.185056925,2.063699284,-0.728607915,0.092182,-0.127424,0.00138,0.210526316,0.132352941,0.166666667,0.0,0,0,0.1858252,4.22
1,0,0,0,7,-0.044904524,1.913592215,1.044883663,0.104088,-0.017601,0.156289,0.210526316,0.220588235,0.388888889,0.0,0,0,0.12299858,4.22
