Residue Name_Aspartate,Residue Name_Glutamate,Residue Name_Histidine,Residue Name_Tyrosine,atom_label,recalculated_x,recalculated_y,recalculated_z,Dipole_X,Dipole_Y,Dipole_Z,Radius_10A_N_Count,Radius_10A_CA_C_Count,Radius_10A_O_Count,Radius_10A_S_Count,Number of H-Bonds as donor,Number of H-Bonds as acceptor,SASA_Value
0.0,0.0,0.0,1.0,0,-0.7026556435262461,-1.2198381004429026,-0.3730951731322272,-0.214448,0.15241,0.220639,0.4878048780487805,0.5810810810810811,0.5714285714285714,0.0,0,0,0.0
0.0,0.0,0.0,1.0,1,0.0,0.0,0.0,-0.662015,0.074755,0.397942,0.4878048780487805,0.5945945945945947,0.5142857142857142,0.0,0,0,0.0
0.0,0.0,0.0,1.0,2,1.5387680490060869,5.551115123125783e-17,0.0,-0.130179,0.141517,0.31623,0.4878048780487805,0.5472972972972974,0.4571428571428571,0.0,0,0,0.0
0.0,0.0,0.0,1.0,3,2.145063003370785,1.0757914651654903,0.0,-0.004271,0.255882,0.132104,0.4878048780487805,0.5743243243243243,0.39999999999999997,0.0,0,0,0.0
0.0,0.0,0.0,1.0,4,-1.393415325079003,-1.5693622458814025,0.3058111024718649,-0.116347,0.135461,0.154011,0.46341463414634143,0.5540540540540542,0.5428571428571428,0.0,0,0,0.007963937
0.0,0.0,0.0,1.0,4,-0.2583371543448441,0.7648658307310852,-0.7753187442504252,-0.179002,-0.308706,0.062926,0.6097560975609756,0.6486486486486487,0.48571428571428565,0.0,0,0,0.0
0.0,0.0,0.0,1.0,5,-0.503272990013153,0.5543477749363541,1.364473918389551,-0.333415,0.036075,-0.099677,0.36585365853658536,0.5472972972972974,0.48571428571428565,0.0,0,0,0.0
0.0,0.0,0.0,1.0,5,-0.4428017286764599,-0.3664993743939441,2.568467945652813,-0.032401,-0.086036,0.000694,0.2926829268292683,0.43243243243243246,0.42857142857142855,0.0,0,0,0.0012579461
0.0,0.0,0.0,1.0,5,0.7576924730118234,-0.542212422507411,3.2803066679828667,-0.023992,0.021812,0.027598,0.2682926829268293,0.3783783783783784,0.39999999999999997,0.0,0,0,0.0025158923
0.0,0.0,0.0,1.0,5,-1.612136710917752,-0.95313274700756,3.089631205331329,-0.047762,0.048611,0.013701,0.3170731707317073,0.43243243243243246,0.3714285714285714,0.0,0,0,0.021385085
0.0,0.0,0.0,1.0,5,0.7858379150509769,-1.2603737710972651,4.480600637686135,-0.026796,0.007711,0.006223,0.21951219512195122,0.3108108108108108,0.19999999999999998,0.0,0,0,0.070444986
0.0,0.0,0.0,1.0,5,-1.587917608442838,-1.655812701707232,4.299934826469253,-0.073862,0.003152,-0.006071,0.2926829268292683,0.3378378378378379,0.3142857142857143,0.0,0,0,0.0817665
0.0,0.0,0.0,1.0,5,-0.3889620580402562,-1.806603770320776,5.010005318037681,-0.068103,0.154193,-0.043623,0.1951219512195122,0.2837837837837838,0.17142857142857143,0.0,0,0,0.057865523
0.0,0.0,0.0,1.0,8,-0.3314161211005098,-2.4388351528649097,6.217910372353647,-0.248635,-0.029518,0.208801,0.12195121951219515,0.18243243243243246,0.14285714285714285,0.0,0,0,0.324786
0.0,0.0,0.0,1.0,7,-1.5549864464650935,0.904612317512272,1.2335461003484782,-0.125245,-0.09465,0.046639,0.4146341463414634,0.6013513513513513,0.48571428571428565,0.0,0,0,0.0
0.0,0.0,0.0,1.0,7,0.0560930298986588,1.487731250899273,1.6087973371287232,-0.01004,-0.06331,0.003874,0.3902439024390244,0.5675675675675675,0.42857142857142855,0.0,0,0,0.0017697638
0.0,0.0,0.0,1.0,7,1.6887291458582396,-0.0702398619018906,2.927703465785923,-0.023711,-0.009884,-0.001551,0.2926829268292683,0.3783783783783784,0.2857142857142857,0.0,0,0,0.0
0.0,0.0,0.0,1.0,7,-2.5818221143817643,-0.8063661335217034,2.583403547668568,-0.036674,-0.020341,0.076502,0.4146341463414634,0.48648648648648657,0.4571428571428571,0.0,0,0,0.03274063
0.0,0.0,0.0,1.0,7,1.7310689881854084,-1.3477073283603187,5.0406519894449815,-0.022602,-0.010488,-0.013515,0.14634146341463417,0.2702702702702703,0.17142857142857143,0.0,0,0,0.14954504
0.0,0.0,0.0,1.0,7,-2.526180137693787,-2.0624112469340288,4.71150029060961,-0.033607,0.048463,-0.007603,0.24390243902439027,0.25675675675675674,0.3428571428571428,0.0,0,0,0.2052926
0.0,0.0,0.0,1.0,7,-1.1886018571436832,-2.3751309646393413,6.636230720532705,-0.293324,0.229663,0.069721,0.0975609756097561,0.16216216216216217,0.17142857142857143,0.0,0,0,0.2344937
