Residue Name_Aspartate,Residue Name_Glutamate,Residue Name_Histidine,Residue Name_Lysine,atom_label,recalculated_x,recalculated_y,recalculated_z,Dipole_X,Dipole_Y,Dipole_Z,Radius_8A_N_Count,Radius_8A_CA_C_Count,Radius_8A_O_Count,Radius_8A_S_Count,Number of H-Bonds as donor,Number of H-Bonds as acceptor,SASA_Value,Expt.pKa
0,1,0,0,0,-0.5501788148684862,-1.0357194223753514,-0.8692224214977294,0.17413,0.29305,0.084839,0.307692308,0.391304348,0.346153846,0.0,1,0,0.0,3.75
0,1,0,0,1,0.0,0.0,0.0,0.361651,0.403216,0.512105,0.384615385,0.402173913,0.269230769,0.0,0,0,0.0,3.75
0,1,0,0,2,1.527152398793912,8.928946261667501e-17,6.323516182761993e-17,0.427624,0.292695,-0.04132,0.423076923,0.489130435,0.346153846,0.0,0,0,0.0,3.75
0,1,0,0,3,2.166284547470004,1.0649013878358318,2.276598829221791e-17,0.322285,0.281192,-0.419191,0.384615385,0.47826087,0.307692308,0.0,0,0,0.006696619,3.75
0,1,0,0,4,-1.1406189667584503,-1.7388538717900812,-0.4003832030012368,0.147214,0.325896,-0.024955,0.346153846,0.380434783,0.307692308,0.0,0,0,0.0,3.75
0,1,0,0,4,-0.3160806087907281,0.9956870837290376,-0.391116644660705,-0.037135,-0.218379,0.193718,0.346153846,0.336956522,0.269230769,0.0,0,0,0.055747557,3.75
0,1,0,0,5,-0.4387775414144678,-0.154784360438235,1.4770900758609824,0.175505,0.58683,0.497866,0.307692308,0.347826087,0.269230769,0.0,0,0,0.0,3.75
0,1,0,0,5,-1.9188117681020287,0.1203280084068907,1.789823662875201,-0.060574,-0.290173,-0.275058,0.307692308,0.27173913,0.230769231,0.0,0,0,0.007547677,3.75
0,1,0,0,5,-2.238974934832569,-0.1906750773723764,3.245536226295208,0.161992,-0.237822,0.035203,0.192307692,0.25,0.230769231,0.0,0,0,0.026416868,3.75
0,1,0,0,8,-1.8201633401664945,-1.288771857743612,3.708556170954814,-0.185033,-0.128654,0.388012,0.269230769,0.282608696,0.307692308,0.0,0,0,0.026786476,3.75
0,1,0,0,8,-2.8858074966693152,0.674813447719551,3.895831128649448,-0.002532,-0.246387,-0.424063,0.192307692,0.184782609,0.192307692,0.0,0,1,0.48215654,3.75
0,1,0,0,7,0.1677599890438787,0.5203684450582532,2.1281146906749777,-0.016599,0.027421,-0.019526,0.307692308,0.347826087,0.269230769,0.0,0,0,0.05309291,3.75
0,1,0,0,7,-0.1914220358936494,-1.1863745511618242,1.8254076567155928,0.005687,0.120006,-0.044809,0.346153846,0.413043478,0.384615385,0.0,0,0,0.0,3.75
0,1,0,0,7,-2.599554850848737,-0.4874992654969866,1.1531651372768323,0.163582,0.04383,0.033786,0.269230769,0.27173913,0.307692308,0.0,0,0,0.025661575,3.75
0,1,0,0,7,-2.1714295578260137,1.1850332872499354,1.5967251077803404,0.04657,-0.034703,0.036689,0.307692308,0.27173913,0.192307692,0.0,0,0,0.17520662,3.75
