Residue Name_Aspartate,Residue Name_Glutamate,Residue Name_Histidine,Residue Name_Lysine,atom_label,recalculated_x,recalculated_y,recalculated_z,Dipole_X,Dipole_Y,Dipole_Z,Radius_9A_N_Count,Radius_9A_CA_C_Count,Radius_9A_O_Count,Radius_9A_S_Count,Number of H-Bonds as donor,Number of H-Bonds as acceptor,SASA_Value
1.0,0.0,0.0,0.0,0,-0.4373996071046593,1.3062478529773625,-0.4828005286355025,0.19674,0.006083,-0.281834,0.4193548387096774,0.5663716814159292,0.5151515151515151,0.0,0.0,0.0,0.0
1.0,0.0,0.0,0.0,1,0.0,0.0,0.0,-0.678761,-0.102564,-0.064637,0.6129032258064516,0.6194690265486725,0.6363636363636364,0.0,0.0,0.0,0.0
1.0,0.0,0.0,0.0,2,1.535055186851925,-6.938893903907228e-18,0.0,-0.231767,-0.137218,0.016515,0.6451612903225806,0.6725663716814159,0.7272727272727273,0.0,0.0,0.0,0.0
1.0,0.0,0.0,0.0,3,2.176547402152318,1.0522776317863998,-1.1102230246251563e-16,-0.091152,-0.071058,0.03987,0.5806451612903225,0.7079646017699115,0.6363636363636364,0.0,0.0,0.0,0.0
1.0,0.0,0.0,0.0,4,0.1252303923295642,1.6730222325413149,-1.2676054473338532,0.150231,0.0448,-0.29399,0.5483870967741935,0.6106194690265486,0.48484848484848486,0.0,0.0,0.0,0.0
1.0,0.0,0.0,0.0,4,-0.2925421450377587,-0.1055236315481611,1.0719058171777944,0.006471,0.025478,0.372609,0.5483870967741935,0.6283185840707964,0.6060606060606061,0.0,0.0,0.0,0.009733701
1.0,0.0,0.0,0.0,5,-0.6480082409134615,-1.1462941624091858,-0.8325286047373175,-0.291994,-0.019929,0.447155,0.6451612903225806,0.5575221238938053,0.5454545454545454,0.0,0.0,0.0,0.0025158923
1.0,0.0,0.0,0.0,5,-0.084624619266886,-1.425595339911245,-2.2155107957316016,-0.098156,0.046973,0.329501,0.5806451612903225,0.6017699115044248,0.5454545454545454,0.0,0.0,0.0,0.0012579461
1.0,0.0,0.0,0.0,8,0.7507725267600875,-0.620794015662972,-2.6981445996701723,-0.715552,-0.179778,0.325664,0.7741935483870968,0.6460176991150443,0.5757575757575758,0.0,0.0,0.0,0.0
1.0,0.0,0.0,0.0,8,-0.4290593117044291,-2.4775289372250606,-2.816731670395705,-0.209156,0.202769,0.470526,0.6129032258064516,0.5398230088495575,0.5757575757575758,0.0,0.0,0.0,0.1060298
1.0,0.0,0.0,0.0,7,-1.7419331784036611,-0.959962151244919,-0.9372098765606054,-0.108743,0.075887,0.075674,0.4838709677419355,0.49557522123893805,0.5151515151515151,0.0,0.0,0.0,0.09999165
1.0,0.0,0.0,0.0,7,-0.5821027291386847,-2.0923634876564106,-0.2453831062269686,-0.02548,-0.025119,0.140437,0.5806451612903225,0.5663716814159292,0.6060606060606061,0.0,0.0,0.0,0.0
