Atom Name,Residue Name,Chain ID,Residue Sequence Number,Description
N,Leucine,A,7,Leucine N
CA,Leucine,A,7,Leucine CA
C,Leucine,A,7,Leucine C
O,Leucine,A,7,Leucine O
CB,Leucine,A,7,Leucine CB
CG,Leucine,A,7,Leucine CG
CD1,Leucine,A,7,Leucine CD1
CD2,Leucine,A,7,Leucine CD2
N,Histidine,A,8,Histidine N
CA,Histidine,A,8,Histidine CA
CA,Histidine,A,8,Histidine CA
C,Histidine,A,8,Histidine C
O,Histidine,A,8,Histidine O
CB,Histidine,A,8,Histidine CB
CB,Histidine,A,8,Histidine CB
CG,Histidine,A,8,Histidine CG
CG,Histidine,A,8,Histidine CG
ND1,Histidine,A,8,Histidine ND1
ND1,Histidine,A,8,Histidine ND1
CD2,Histidine,A,8,Histidine CD2
CD2,Histidine,A,8,Histidine CD2
CE1,Histidine,A,8,Histidine CE1
CE1,Histidine,A,8,Histidine CE1
NE2,Histidine,A,8,Histidine NE2
NE2,Histidine,A,8,Histidine NE2
N,Lysine,A,9,Lysine N
CA,Lysine,A,9,Lysine CA
C,Lysine,A,9,Lysine C
O,Lysine,A,9,Lysine O
CB,Lysine,A,9,Lysine CB
CG,Lysine,A,9,Lysine CG
CD,Lysine,A,9,Lysine CD
CE,Lysine,A,9,Lysine CE
NZ,Lysine,A,9,Lysine NZ
N,Glutamate,A,10,Glutamate N
CA,Glutamate,A,10,Glutamate CA
C,Glutamate,A,10,Glutamate C
O,Glutamate,A,10,Glutamate O
CB,Glutamate,A,10,Glutamate CB
CG,Glutamate,A,10,Glutamate CG
CD,Glutamate,A,10,Glutamate CD
OE1,Glutamate,A,10,Glutamate OE1
OE2,Glutamate,A,10,Glutamate OE2
N,Proline,A,11,Proline N
CA,Proline,A,11,Proline CA
C,Proline,A,11,Proline C
O,Proline,A,11,Proline O
CB,Proline,A,11,Proline CB
CG,Proline,A,11,Proline CG
CD,Proline,A,11,Proline CD
N,Alanine,A,12,Alanine N
CA,Alanine,A,12,Alanine CA
C,Alanine,A,12,Alanine C
O,Alanine,A,12,Alanine O
CB,Alanine,A,12,Alanine CB
N,Threonine,A,13,Threonine N
CA,Threonine,A,13,Threonine CA
C,Threonine,A,13,Threonine C
O,Threonine,A,13,Threonine O
CB,Threonine,A,13,Threonine CB
OG1,Threonine,A,13,Threonine OG1
CG2,Threonine,A,13,Threonine CG2
N,Leucine,A,14,Leucine N
CA,Leucine,A,14,Leucine CA
C,Leucine,A,14,Leucine C
O,Leucine,A,14,Leucine O
CB,Leucine,A,14,Leucine CB
CG,Leucine,A,14,Leucine CG
CD1,Leucine,A,14,Leucine CD1
CD2,Leucine,A,14,Leucine CD2
N,Isoleucine,A,15,Isoleucine N
CA,Isoleucine,A,15,Isoleucine CA
C,Isoleucine,A,15,Isoleucine C
O,Isoleucine,A,15,Isoleucine O
CB,Isoleucine,A,15,Isoleucine CB
CG1,Isoleucine,A,15,Isoleucine CG1
CG2,Isoleucine,A,15,Isoleucine CG2
CD1,Isoleucine,A,15,Isoleucine CD1
N,Lysine,A,16,Lysine N
CA,Lysine,A,16,Lysine CA
C,Lysine,A,16,Lysine C
O,Lysine,A,16,Lysine O
CB,Lysine,A,16,Lysine CB
CG,Lysine,A,16,Lysine CG
CD,Lysine,A,16,Lysine CD
CE,Lysine,A,16,Lysine CE
NZ,Lysine,A,16,Lysine NZ
N,Alanine,A,17,Alanine N
CA,Alanine,A,17,Alanine CA
C,Alanine,A,17,Alanine C
O,Alanine,A,17,Alanine O
CB,Alanine,A,17,Alanine CB
N,Isoleucine,A,18,Isoleucine N
CA,Isoleucine,A,18,Isoleucine CA
C,Isoleucine,A,18,Isoleucine C
O,Isoleucine,A,18,Isoleucine O
CB,Isoleucine,A,18,Isoleucine CB
CG1,Isoleucine,A,18,Isoleucine CG1
CG2,Isoleucine,A,18,Isoleucine CG2
CD1,Isoleucine,A,18,Isoleucine CD1
N,Aspartate,A,19,Aspartate N
CA,Aspartate,A,19,Aspartate CA
C,Aspartate,A,19,Aspartate C
O,Aspartate,A,19,Aspartate O
CB,Aspartate,A,19,Aspartate CB
CG,Aspartate,A,19,Aspartate CG
OD1,Aspartate,A,19,Aspartate OD1
OD2,Aspartate,A,19,Aspartate OD2
N,Glycine,A,20,Glycine N
CA,Glycine,A,20,Glycine CA
C,Glycine,A,20,Glycine C
O,Glycine,A,20,Glycine O
N,Aspartate,A,21,Aspartate N
CA,Aspartate,A,21,Aspartate CA
C,Aspartate,A,21,Aspartate C
O,Aspartate,A,21,Aspartate O
CB,Aspartate,A,21,Aspartate CB
CG,Aspartate,A,21,Aspartate CG
OD1,Aspartate,A,21,Aspartate OD1
OD2,Aspartate,A,21,Aspartate OD2
N,Threonine,A,22,Threonine N
CA,Threonine,A,22,Threonine CA
CA,Threonine,A,22,Threonine CA
C,Threonine,A,22,Threonine C
O,Threonine,A,22,Threonine O
CB,Threonine,A,22,Threonine CB
CB,Threonine,A,22,Threonine CB
OG1,Threonine,A,22,Threonine OG1
OG1,Threonine,A,22,Threonine OG1
CG2,Threonine,A,22,Threonine CG2
CG2,Threonine,A,22,Threonine CG2
N,Valine,A,23,Valine N
CA,Valine,A,23,Valine CA
CA,Valine,A,23,Valine CA
C,Valine,A,23,Valine C
O,Valine,A,23,Valine O
CB,Valine,A,23,Valine CB
CB,Valine,A,23,Valine CB
CG1,Valine,A,23,Valine CG1
CG1,Valine,A,23,Valine CG1
CG2,Valine,A,23,Valine CG2
CG2,Valine,A,23,Valine CG2
N,Lysine,A,24,Lysine N
CA,Lysine,A,24,Lysine CA
C,Lysine,A,24,Lysine C
O,Lysine,A,24,Lysine O
CB,Lysine,A,24,Lysine CB
CG,Lysine,A,24,Lysine CG
CD,Lysine,A,24,Lysine CD
CE,Lysine,A,24,Lysine CE
NZ,Lysine,A,24,Lysine NZ
N,Leucine,A,25,Leucine N
CA,Leucine,A,25,Leucine CA
C,Leucine,A,25,Leucine C
O,Leucine,A,25,Leucine O
CB,Leucine,A,25,Leucine CB
CG,Leucine,A,25,Leucine CG
CD1,Leucine,A,25,Leucine CD1
CD2,Leucine,A,25,Leucine CD2
N,Methionine,A,26,Methionine N
CA,Methionine,A,26,Methionine CA
CA,Methionine,A,26,Methionine CA
C,Methionine,A,26,Methionine C
O,Methionine,A,26,Methionine O
CB,Methionine,A,26,Methionine CB
CB,Methionine,A,26,Methionine CB
CG,Methionine,A,26,Methionine CG
CG,Methionine,A,26,Methionine CG
SD,Methionine,A,26,Methionine SD
SD,Methionine,A,26,Methionine SD
CE,Methionine,A,26,Methionine CE
CE,Methionine,A,26,Methionine CE
N,Tyrosine,A,27,Tyrosine N
CA,Tyrosine,A,27,Tyrosine CA
C,Tyrosine,A,27,Tyrosine C
O,Tyrosine,A,27,Tyrosine O
CB,Tyrosine,A,27,Tyrosine CB
CG,Tyrosine,A,27,Tyrosine CG
CD1,Tyrosine,A,27,Tyrosine CD1
CD2,Tyrosine,A,27,Tyrosine CD2
CE1,Tyrosine,A,27,Tyrosine CE1
CE2,Tyrosine,A,27,Tyrosine CE2
CZ,Tyrosine,A,27,Tyrosine CZ
OH,Tyrosine,A,27,Tyrosine OH
N,Lysine,A,28,Lysine N
CA,Lysine,A,28,Lysine CA
C,Lysine,A,28,Lysine C
O,Lysine,A,28,Lysine O
CB,Lysine,A,28,Lysine CB
CG,Lysine,A,28,Lysine CG
CD,Lysine,A,28,Lysine CD
CE,Lysine,A,28,Lysine CE
NZ,Lysine,A,28,Lysine NZ
N,Glycine,A,29,Glycine N
CA,Glycine,A,29,Glycine CA
C,Glycine,A,29,Glycine C
O,Glycine,A,29,Glycine O
N,Glutamine,A,30,Glutamine N
CA,Glutamine,A,30,Glutamine CA
C,Glutamine,A,30,Glutamine C
O,Glutamine,A,30,Glutamine O
CB,Glutamine,A,30,Glutamine CB
CG,Glutamine,A,30,Glutamine CG
CD,Glutamine,A,30,Glutamine CD
OE1,Glutamine,A,30,Glutamine OE1
NE2,Glutamine,A,30,Glutamine NE2
N,Proline,A,31,Proline N
CA,Proline,A,31,Proline CA
C,Proline,A,31,Proline C
O,Proline,A,31,Proline O
CB,Proline,A,31,Proline CB
CG,Proline,A,31,Proline CG
CD,Proline,A,31,Proline CD
N,Methionine,A,32,Methionine N
CA,Methionine,A,32,Methionine CA
C,Methionine,A,32,Methionine C
O,Methionine,A,32,Methionine O
CB,Methionine,A,32,Methionine CB
CG,Methionine,A,32,Methionine CG
SD,Methionine,A,32,Methionine SD
CE,Methionine,A,32,Methionine CE
N,Threonine,A,33,Threonine N
CA,Threonine,A,33,Threonine CA
C,Threonine,A,33,Threonine C
O,Threonine,A,33,Threonine O
CB,Threonine,A,33,Threonine CB
OG1,Threonine,A,33,Threonine OG1
CG2,Threonine,A,33,Threonine CG2
N,Phenylalanine,A,34,Phenylalanine N
CA,Phenylalanine,A,34,Phenylalanine CA
C,Phenylalanine,A,34,Phenylalanine C
O,Phenylalanine,A,34,Phenylalanine O
CB,Phenylalanine,A,34,Phenylalanine CB
CG,Phenylalanine,A,34,Phenylalanine CG
CD1,Phenylalanine,A,34,Phenylalanine CD1
CD2,Phenylalanine,A,34,Phenylalanine CD2
CE1,Phenylalanine,A,34,Phenylalanine CE1
CE2,Phenylalanine,A,34,Phenylalanine CE2
CZ,Phenylalanine,A,34,Phenylalanine CZ
N,Arginine,A,35,Arginine N
CA,Arginine,A,35,Arginine CA
C,Arginine,A,35,Arginine C
O,Arginine,A,35,Arginine O
CB,Arginine,A,35,Arginine CB
CG,Arginine,A,35,Arginine CG
CD,Arginine,A,35,Arginine CD
NE,Arginine,A,35,Arginine NE
CZ,Arginine,A,35,Arginine CZ
NH1,Arginine,A,35,Arginine NH1
NH2,Arginine,A,35,Arginine NH2
N,Leucine,A,36,Leucine N
CA,Leucine,A,36,Leucine CA
C,Leucine,A,36,Leucine C
O,Leucine,A,36,Leucine O
CB,Leucine,A,36,Leucine CB
CG,Leucine,A,36,Leucine CG
CD1,Leucine,A,36,Leucine CD1
CD2,Leucine,A,36,Leucine CD2
N,Leucine,A,37,Leucine N
CA,Leucine,A,37,Leucine CA
C,Leucine,A,37,Leucine C
O,Leucine,A,37,Leucine O
CB,Leucine,A,37,Leucine CB
CG,Leucine,A,37,Leucine CG
CD1,Leucine,A,37,Leucine CD1
CD2,Leucine,A,37,Leucine CD2
N,Leucine,A,38,Leucine N
CA,Leucine,A,38,Leucine CA
C,Leucine,A,38,Leucine C
O,Leucine,A,38,Leucine O
CB,Leucine,A,38,Leucine CB
CG,Leucine,A,38,Leucine CG
CD1,Leucine,A,38,Leucine CD1
CD2,Leucine,A,38,Leucine CD2
N,Valine,A,39,Valine N
CA,Valine,A,39,Valine CA
C,Valine,A,39,Valine C
O,Valine,A,39,Valine O
CB,Valine,A,39,Valine CB
CG1,Valine,A,39,Valine CG1
CG2,Valine,A,39,Valine CG2
N,Aspartate,A,40,Aspartate N
CA,Aspartate,A,40,Aspartate CA
C,Aspartate,A,40,Aspartate C
O,Aspartate,A,40,Aspartate O
CB,Aspartate,A,40,Aspartate CB
CG,Aspartate,A,40,Aspartate CG
OD1,Aspartate,A,40,Aspartate OD1
OD2,Aspartate,A,40,Aspartate OD2
N,Threonine,A,41,Threonine N
CA,Threonine,A,41,Threonine CA
C,Threonine,A,41,Threonine C
O,Threonine,A,41,Threonine O
CB,Threonine,A,41,Threonine CB
OG1,Threonine,A,41,Threonine OG1
CG2,Threonine,A,41,Threonine CG2
N,Proline,A,42,Proline N
CA,Proline,A,42,Proline CA
C,Proline,A,42,Proline C
O,Proline,A,42,Proline O
CB,Proline,A,42,Proline CB
CG,Proline,A,42,Proline CG
CD,Proline,A,42,Proline CD
N,Glutamate,A,43,Glutamate N
CA,Glutamate,A,43,Glutamate CA
C,Glutamate,A,43,Glutamate C
O,Glutamate,A,43,Glutamate O
CB,Glutamate,A,43,Glutamate CB
CG,Glutamate,A,43,Glutamate CG
CD,Glutamate,A,43,Glutamate CD
OE1,Glutamate,A,43,Glutamate OE1
OE2,Glutamate,A,43,Glutamate OE2
N,Phenylalanine,A,50,Phenylalanine N
CA,Phenylalanine,A,50,Phenylalanine CA
C,Phenylalanine,A,50,Phenylalanine C
O,Phenylalanine,A,50,Phenylalanine O
CB,Phenylalanine,A,50,Phenylalanine CB
CG,Phenylalanine,A,50,Phenylalanine CG
CD1,Phenylalanine,A,50,Phenylalanine CD1
CD2,Phenylalanine,A,50,Phenylalanine CD2
CE1,Phenylalanine,A,50,Phenylalanine CE1
CE2,Phenylalanine,A,50,Phenylalanine CE2
CZ,Phenylalanine,A,50,Phenylalanine CZ
N,Asparagine,A,51,Asparagine N
CA,Asparagine,A,51,Asparagine CA
C,Asparagine,A,51,Asparagine C
O,Asparagine,A,51,Asparagine O
CB,Asparagine,A,51,Asparagine CB
CG,Asparagine,A,51,Asparagine CG
OD1,Asparagine,A,51,Asparagine OD1
ND2,Asparagine,A,51,Asparagine ND2
N,Glutamate,A,52,Glutamate N
CA,Glutamate,A,52,Glutamate CA
C,Glutamate,A,52,Glutamate C
O,Glutamate,A,52,Glutamate O
CB,Glutamate,A,52,Glutamate CB
CG,Glutamate,A,52,Glutamate CG
CD,Glutamate,A,52,Glutamate CD
OE1,Glutamate,A,52,Glutamate OE1
OE2,Glutamate,A,52,Glutamate OE2
N,Lysine,A,53,Lysine N
CA,Lysine,A,53,Lysine CA
CA,Lysine,A,53,Lysine CA
C,Lysine,A,53,Lysine C
O,Lysine,A,53,Lysine O
CB,Lysine,A,53,Lysine CB
CB,Lysine,A,53,Lysine CB
CG,Lysine,A,53,Lysine CG
CG,Lysine,A,53,Lysine CG
CD,Lysine,A,53,Lysine CD
CD,Lysine,A,53,Lysine CD
CE,Lysine,A,53,Lysine CE
CE,Lysine,A,53,Lysine CE
NZ,Lysine,A,53,Lysine NZ
NZ,Lysine,A,53,Lysine NZ
N,Tyrosine,A,54,Tyrosine N
CA,Tyrosine,A,54,Tyrosine CA
C,Tyrosine,A,54,Tyrosine C
O,Tyrosine,A,54,Tyrosine O
CB,Tyrosine,A,54,Tyrosine CB
CG,Tyrosine,A,54,Tyrosine CG
CD1,Tyrosine,A,54,Tyrosine CD1
CD2,Tyrosine,A,54,Tyrosine CD2
CE1,Tyrosine,A,54,Tyrosine CE1
CE2,Tyrosine,A,54,Tyrosine CE2
CZ,Tyrosine,A,54,Tyrosine CZ
OH,Tyrosine,A,54,Tyrosine OH
N,Glycine,A,55,Glycine N
CA,Glycine,A,55,Glycine CA
C,Glycine,A,55,Glycine C
O,Glycine,A,55,Glycine O
N,Proline,A,56,Proline N
CA,Proline,A,56,Proline CA
C,Proline,A,56,Proline C
O,Proline,A,56,Proline O
CB,Proline,A,56,Proline CB
CG,Proline,A,56,Proline CG
CD,Proline,A,56,Proline CD
N,Glutamate,A,57,Glutamate N
CA,Glutamate,A,57,Glutamate CA
C,Glutamate,A,57,Glutamate C
O,Glutamate,A,57,Glutamate O
CB,Glutamate,A,57,Glutamate CB
CG,Glutamate,A,57,Glutamate CG
CD,Glutamate,A,57,Glutamate CD
OE1,Glutamate,A,57,Glutamate OE1
OE2,Glutamate,A,57,Glutamate OE2
N,Alanine,A,58,Alanine N
CA,Alanine,A,58,Alanine CA
C,Alanine,A,58,Alanine C
O,Alanine,A,58,Alanine O
CB,Alanine,A,58,Alanine CB
N,Serine,A,59,Serine N
CA,Serine,A,59,Serine CA
C,Serine,A,59,Serine C
O,Serine,A,59,Serine O
CB,Serine,A,59,Serine CB
OG,Serine,A,59,Serine OG
N,Alanine,A,60,Alanine N
CA,Alanine,A,60,Alanine CA
C,Alanine,A,60,Alanine C
O,Alanine,A,60,Alanine O
CB,Alanine,A,60,Alanine CB
N,Phenylalanine,A,61,Phenylalanine N
CA,Phenylalanine,A,61,Phenylalanine CA
C,Phenylalanine,A,61,Phenylalanine C
O,Phenylalanine,A,61,Phenylalanine O
CB,Phenylalanine,A,61,Phenylalanine CB
CG,Phenylalanine,A,61,Phenylalanine CG
CD1,Phenylalanine,A,61,Phenylalanine CD1
CD2,Phenylalanine,A,61,Phenylalanine CD2
CE1,Phenylalanine,A,61,Phenylalanine CE1
CE2,Phenylalanine,A,61,Phenylalanine CE2
CZ,Phenylalanine,A,61,Phenylalanine CZ
N,Threonine,A,62,Threonine N
CA,Threonine,A,62,Threonine CA
C,Threonine,A,62,Threonine C
O,Threonine,A,62,Threonine O
CB,Threonine,A,62,Threonine CB
OG1,Threonine,A,62,Threonine OG1
CG2,Threonine,A,62,Threonine CG2
N,Lysine,A,63,Lysine N
CA,Lysine,A,63,Lysine CA
C,Lysine,A,63,Lysine C
O,Lysine,A,63,Lysine O
CB,Lysine,A,63,Lysine CB
CG,Lysine,A,63,Lysine CG
CD,Lysine,A,63,Lysine CD
CE,Lysine,A,63,Lysine CE
NZ,Lysine,A,63,Lysine NZ
N,Lysine,A,64,Lysine N
CA,Lysine,A,64,Lysine CA
C,Lysine,A,64,Lysine C
O,Lysine,A,64,Lysine O
CB,Lysine,A,64,Lysine CB
CG,Lysine,A,64,Lysine CG
CD,Lysine,A,64,Lysine CD
CE,Lysine,A,64,Lysine CE
NZ,Lysine,A,64,Lysine NZ
N,Methionine,A,65,Methionine N
CA,Methionine,A,65,Methionine CA
C,Methionine,A,65,Methionine C
O,Methionine,A,65,Methionine O
CB,Methionine,A,65,Methionine CB
CG,Methionine,A,65,Methionine CG
SD,Methionine,A,65,Methionine SD
CE,Methionine,A,65,Methionine CE
N,Valine,A,66,Valine N
CA,Valine,A,66,Valine CA
C,Valine,A,66,Valine C
O,Valine,A,66,Valine O
CB,Valine,A,66,Valine CB
CG1,Valine,A,66,Valine CG1
CG2,Valine,A,66,Valine CG2
N,Glutamate,A,67,Glutamate N
CA,Glutamate,A,67,Glutamate CA
C,Glutamate,A,67,Glutamate C
O,Glutamate,A,67,Glutamate O
CB,Glutamate,A,67,Glutamate CB
CG,Glutamate,A,67,Glutamate CG
CD,Glutamate,A,67,Glutamate CD
OE1,Glutamate,A,67,Glutamate OE1
OE2,Glutamate,A,67,Glutamate OE2
N,Asparagine,A,68,Asparagine N
CA,Asparagine,A,68,Asparagine CA
C,Asparagine,A,68,Asparagine C
O,Asparagine,A,68,Asparagine O
CB,Asparagine,A,68,Asparagine CB
CG,Asparagine,A,68,Asparagine CG
OD1,Asparagine,A,68,Asparagine OD1
ND2,Asparagine,A,68,Asparagine ND2
N,Alanine,A,69,Alanine N
CA,Alanine,A,69,Alanine CA
C,Alanine,A,69,Alanine C
O,Alanine,A,69,Alanine O
CB,Alanine,A,69,Alanine CB
N,Lysine,A,70,Lysine N
CA,Lysine,A,70,Lysine CA
CA,Lysine,A,70,Lysine CA
C,Lysine,A,70,Lysine C
O,Lysine,A,70,Lysine O
CB,Lysine,A,70,Lysine CB
CB,Lysine,A,70,Lysine CB
CG,Lysine,A,70,Lysine CG
CG,Lysine,A,70,Lysine CG
CD,Lysine,A,70,Lysine CD
CD,Lysine,A,70,Lysine CD
CE,Lysine,A,70,Lysine CE
CE,Lysine,A,70,Lysine CE
NZ,Lysine,A,70,Lysine NZ
NZ,Lysine,A,70,Lysine NZ
N,Lysine,A,71,Lysine N
CA,Lysine,A,71,Lysine CA
C,Lysine,A,71,Lysine C
O,Lysine,A,71,Lysine O
CB,Lysine,A,71,Lysine CB
CG,Lysine,A,71,Lysine CG
CD,Lysine,A,71,Lysine CD
CE,Lysine,A,71,Lysine CE
NZ,Lysine,A,71,Lysine NZ
N,Isoleucine,A,72,Isoleucine N
CA,Isoleucine,A,72,Isoleucine CA
C,Isoleucine,A,72,Isoleucine C
O,Isoleucine,A,72,Isoleucine O
CB,Isoleucine,A,72,Isoleucine CB
CG1,Isoleucine,A,72,Isoleucine CG1
CG2,Isoleucine,A,72,Isoleucine CG2
CD1,Isoleucine,A,72,Isoleucine CD1
N,Glutamate,A,73,Glutamate N
CA,Glutamate,A,73,Glutamate CA
C,Glutamate,A,73,Glutamate C
O,Glutamate,A,73,Glutamate O
CB,Glutamate,A,73,Glutamate CB
CG,Glutamate,A,73,Glutamate CG
CD,Glutamate,A,73,Glutamate CD
OE1,Glutamate,A,73,Glutamate OE1
OE2,Glutamate,A,73,Glutamate OE2
N,Valine,A,74,Valine N
CA,Valine,A,74,Valine CA
C,Valine,A,74,Valine C
O,Valine,A,74,Valine O
CB,Valine,A,74,Valine CB
CG1,Valine,A,74,Valine CG1
CG2,Valine,A,74,Valine CG2
N,Glutamate,A,75,Glutamate N
CA,Glutamate,A,75,Glutamate CA
C,Glutamate,A,75,Glutamate C
O,Glutamate,A,75,Glutamate O
CB,Glutamate,A,75,Glutamate CB
CG,Glutamate,A,75,Glutamate CG
CD,Glutamate,A,75,Glutamate CD
OE1,Glutamate,A,75,Glutamate OE1
OE2,Glutamate,A,75,Glutamate OE2
N,Phenylalanine,A,76,Phenylalanine N
CA,Phenylalanine,A,76,Phenylalanine CA
C,Phenylalanine,A,76,Phenylalanine C
O,Phenylalanine,A,76,Phenylalanine O
CB,Phenylalanine,A,76,Phenylalanine CB
CG,Phenylalanine,A,76,Phenylalanine CG
CD1,Phenylalanine,A,76,Phenylalanine CD1
CD2,Phenylalanine,A,76,Phenylalanine CD2
CE1,Phenylalanine,A,76,Phenylalanine CE1
CE2,Phenylalanine,A,76,Phenylalanine CE2
CZ,Phenylalanine,A,76,Phenylalanine CZ
N,Aspartate,A,77,Aspartate N
CA,Aspartate,A,77,Aspartate CA
C,Aspartate,A,77,Aspartate C
O,Aspartate,A,77,Aspartate O
CB,Aspartate,A,77,Aspartate CB
CG,Aspartate,A,77,Aspartate CG
OD1,Aspartate,A,77,Aspartate OD1
OD2,Aspartate,A,77,Aspartate OD2
N,Lysine,A,78,Lysine N
CA,Lysine,A,78,Lysine CA
C,Lysine,A,78,Lysine C
O,Lysine,A,78,Lysine O
CB,Lysine,A,78,Lysine CB
CG,Lysine,A,78,Lysine CG
CD,Lysine,A,78,Lysine CD
CE,Lysine,A,78,Lysine CE
NZ,Lysine,A,78,Lysine NZ
N,Glycine,A,79,Glycine N
CA,Glycine,A,79,Glycine CA
C,Glycine,A,79,Glycine C
O,Glycine,A,79,Glycine O
N,Glutamine,A,80,Glutamine N
CA,Glutamine,A,80,Glutamine CA
C,Glutamine,A,80,Glutamine C
O,Glutamine,A,80,Glutamine O
CB,Glutamine,A,80,Glutamine CB
CG,Glutamine,A,80,Glutamine CG
CD,Glutamine,A,80,Glutamine CD
OE1,Glutamine,A,80,Glutamine OE1
NE2,Glutamine,A,80,Glutamine NE2
N,Arginine,A,81,Arginine N
CA,Arginine,A,81,Arginine CA
C,Arginine,A,81,Arginine C
O,Arginine,A,81,Arginine O
CB,Arginine,A,81,Arginine CB
CG,Arginine,A,81,Arginine CG
CD,Arginine,A,81,Arginine CD
NE,Arginine,A,81,Arginine NE
CZ,Arginine,A,81,Arginine CZ
NH1,Arginine,A,81,Arginine NH1
NH2,Arginine,A,81,Arginine NH2
N,Threonine,A,82,Threonine N
CA,Threonine,A,82,Threonine CA
C,Threonine,A,82,Threonine C
O,Threonine,A,82,Threonine O
CB,Threonine,A,82,Threonine CB
OG1,Threonine,A,82,Threonine OG1
CG2,Threonine,A,82,Threonine CG2
N,Aspartate,A,83,Aspartate N
CA,Aspartate,A,83,Aspartate CA
C,Aspartate,A,83,Aspartate C
O,Aspartate,A,83,Aspartate O
CB,Aspartate,A,83,Aspartate CB
CG,Aspartate,A,83,Aspartate CG
OD1,Aspartate,A,83,Aspartate OD1
OD2,Aspartate,A,83,Aspartate OD2
N,Lysine,A,84,Lysine N
CA,Lysine,A,84,Lysine CA
C,Lysine,A,84,Lysine C
O,Lysine,A,84,Lysine O
CB,Lysine,A,84,Lysine CB
CG,Lysine,A,84,Lysine CG
CD,Lysine,A,84,Lysine CD
CE,Lysine,A,84,Lysine CE
NZ,Lysine,A,84,Lysine NZ
N,Tyrosine,A,85,Tyrosine N
CA,Tyrosine,A,85,Tyrosine CA
C,Tyrosine,A,85,Tyrosine C
O,Tyrosine,A,85,Tyrosine O
CB,Tyrosine,A,85,Tyrosine CB
CG,Tyrosine,A,85,Tyrosine CG
CD1,Tyrosine,A,85,Tyrosine CD1
CD2,Tyrosine,A,85,Tyrosine CD2
CE1,Tyrosine,A,85,Tyrosine CE1
CE2,Tyrosine,A,85,Tyrosine CE2
CZ,Tyrosine,A,85,Tyrosine CZ
OH,Tyrosine,A,85,Tyrosine OH
N,Glycine,A,86,Glycine N
CA,Glycine,A,86,Glycine CA
C,Glycine,A,86,Glycine C
O,Glycine,A,86,Glycine O
N,Arginine,A,87,Arginine N
CA,Arginine,A,87,Arginine CA
C,Arginine,A,87,Arginine C
O,Arginine,A,87,Arginine O
CB,Arginine,A,87,Arginine CB
CG,Arginine,A,87,Arginine CG
CD,Arginine,A,87,Arginine CD
NE,Arginine,A,87,Arginine NE
CZ,Arginine,A,87,Arginine CZ
NH1,Arginine,A,87,Arginine NH1
NH2,Arginine,A,87,Arginine NH2
N,Glycine,A,88,Glycine N
CA,Glycine,A,88,Glycine CA
C,Glycine,A,88,Glycine C
O,Glycine,A,88,Glycine O
N,Leucine,A,89,Leucine N
CA,Leucine,A,89,Leucine CA
C,Leucine,A,89,Leucine C
O,Leucine,A,89,Leucine O
CB,Leucine,A,89,Leucine CB
CG,Leucine,A,89,Leucine CG
CD1,Leucine,A,89,Leucine CD1
CD2,Leucine,A,89,Leucine CD2
N,Glutamate,A,90,Glutamate N
CA,Glutamate,A,90,Glutamate CA
C,Glutamate,A,90,Glutamate C
O,Glutamate,A,90,Glutamate O
CB,Glutamate,A,90,Glutamate CB
CG,Glutamate,A,90,Glutamate CG
CD,Glutamate,A,90,Glutamate CD
OE1,Glutamate,A,90,Glutamate OE1
OE2,Glutamate,A,90,Glutamate OE2
N,Tyrosine,A,91,Tyrosine N
CA,Tyrosine,A,91,Tyrosine CA
C,Tyrosine,A,91,Tyrosine C
O,Tyrosine,A,91,Tyrosine O
CB,Tyrosine,A,91,Tyrosine CB
CG,Tyrosine,A,91,Tyrosine CG
CD1,Tyrosine,A,91,Tyrosine CD1
CD2,Tyrosine,A,91,Tyrosine CD2
CE1,Tyrosine,A,91,Tyrosine CE1
CE2,Tyrosine,A,91,Tyrosine CE2
CZ,Tyrosine,A,91,Tyrosine CZ
OH,Tyrosine,A,91,Tyrosine OH
N,Isoleucine,A,92,Isoleucine N
CA,Isoleucine,A,92,Isoleucine CA
C,Isoleucine,A,92,Isoleucine C
O,Isoleucine,A,92,Isoleucine O
CB,Isoleucine,A,92,Isoleucine CB
CG1,Isoleucine,A,92,Isoleucine CG1
CG2,Isoleucine,A,92,Isoleucine CG2
CD1,Isoleucine,A,92,Isoleucine CD1
N,Tyrosine,A,93,Tyrosine N
CA,Tyrosine,A,93,Tyrosine CA
C,Tyrosine,A,93,Tyrosine C
O,Tyrosine,A,93,Tyrosine O
CB,Tyrosine,A,93,Tyrosine CB
CG,Tyrosine,A,93,Tyrosine CG
CD1,Tyrosine,A,93,Tyrosine CD1
CD2,Tyrosine,A,93,Tyrosine CD2
CE1,Tyrosine,A,93,Tyrosine CE1
CE2,Tyrosine,A,93,Tyrosine CE2
CZ,Tyrosine,A,93,Tyrosine CZ
OH,Tyrosine,A,93,Tyrosine OH
N,Alanine,A,94,Alanine N
CA,Alanine,A,94,Alanine CA
C,Alanine,A,94,Alanine C
O,Alanine,A,94,Alanine O
CB,Alanine,A,94,Alanine CB
N,Aspartate,A,95,Aspartate N
CA,Aspartate,A,95,Aspartate CA
C,Aspartate,A,95,Aspartate C
O,Aspartate,A,95,Aspartate O
CB,Aspartate,A,95,Aspartate CB
CG,Aspartate,A,95,Aspartate CG
OD1,Aspartate,A,95,Aspartate OD1
OD2,Aspartate,A,95,Aspartate OD2
N,Glycine,A,96,Glycine N
CA,Glycine,A,96,Glycine CA
C,Glycine,A,96,Glycine C
O,Glycine,A,96,Glycine O
N,Lysine,A,97,Lysine N
CA,Lysine,A,97,Lysine CA
CA,Lysine,A,97,Lysine CA
C,Lysine,A,97,Lysine C
O,Lysine,A,97,Lysine O
CB,Lysine,A,97,Lysine CB
CB,Lysine,A,97,Lysine CB
CG,Lysine,A,97,Lysine CG
CG,Lysine,A,97,Lysine CG
CD,Lysine,A,97,Lysine CD
CD,Lysine,A,97,Lysine CD
CE,Lysine,A,97,Lysine CE
CE,Lysine,A,97,Lysine CE
NZ,Lysine,A,97,Lysine NZ
NZ,Lysine,A,97,Lysine NZ
N,Methionine,A,98,Methionine N
CA,Methionine,A,98,Methionine CA
C,Methionine,A,98,Methionine C
O,Methionine,A,98,Methionine O
CB,Methionine,A,98,Methionine CB
CG,Methionine,A,98,Methionine CG
SD,Methionine,A,98,Methionine SD
CE,Methionine,A,98,Methionine CE
N,Valine,A,99,Valine N
CA,Valine,A,99,Valine CA
C,Valine,A,99,Valine C
O,Valine,A,99,Valine O
CB,Valine,A,99,Valine CB
CG1,Valine,A,99,Valine CG1
CG2,Valine,A,99,Valine CG2
N,Asparagine,A,100,Asparagine N
CA,Asparagine,A,100,Asparagine CA
C,Asparagine,A,100,Asparagine C
O,Asparagine,A,100,Asparagine O
CB,Asparagine,A,100,Asparagine CB
CG,Asparagine,A,100,Asparagine CG
OD1,Asparagine,A,100,Asparagine OD1
ND2,Asparagine,A,100,Asparagine ND2
N,Glutamate,A,101,Glutamate N
CA,Glutamate,A,101,Glutamate CA
C,Glutamate,A,101,Glutamate C
O,Glutamate,A,101,Glutamate O
CB,Glutamate,A,101,Glutamate CB
CG,Glutamate,A,101,Glutamate CG
CD,Glutamate,A,101,Glutamate CD
OE1,Glutamate,A,101,Glutamate OE1
OE2,Glutamate,A,101,Glutamate OE2
N,Alanine,A,102,Alanine N
CA,Alanine,A,102,Alanine CA
C,Alanine,A,102,Alanine C
O,Alanine,A,102,Alanine O
CB,Alanine,A,102,Alanine CB
N,Leucine,A,103,Leucine N
CA,Leucine,A,103,Leucine CA
C,Leucine,A,103,Leucine C
O,Leucine,A,103,Leucine O
CB,Leucine,A,103,Leucine CB
CG,Leucine,A,103,Leucine CG
CD1,Leucine,A,103,Leucine CD1
CD2,Leucine,A,103,Leucine CD2
N,Valine,A,104,Valine N
CA,Valine,A,104,Valine CA
C,Valine,A,104,Valine C
O,Valine,A,104,Valine O
CB,Valine,A,104,Valine CB
CG1,Valine,A,104,Valine CG1
CG2,Valine,A,104,Valine CG2
N,Arginine,A,105,Arginine N
CA,Arginine,A,105,Arginine CA
C,Arginine,A,105,Arginine C
O,Arginine,A,105,Arginine O
CB,Arginine,A,105,Arginine CB
CG,Arginine,A,105,Arginine CG
CD,Arginine,A,105,Arginine CD
NE,Arginine,A,105,Arginine NE
CZ,Arginine,A,105,Arginine CZ
NH1,Arginine,A,105,Arginine NH1
NH2,Arginine,A,105,Arginine NH2
N,Glutamine,A,106,Glutamine N
CA,Glutamine,A,106,Glutamine CA
C,Glutamine,A,106,Glutamine C
O,Glutamine,A,106,Glutamine O
CB,Glutamine,A,106,Glutamine CB
CG,Glutamine,A,106,Glutamine CG
CD,Glutamine,A,106,Glutamine CD
OE1,Glutamine,A,106,Glutamine OE1
NE2,Glutamine,A,106,Glutamine NE2
N,Glycine,A,107,Glycine N
CA,Glycine,A,107,Glycine CA
C,Glycine,A,107,Glycine C
O,Glycine,A,107,Glycine O
N,Leucine,A,108,Leucine N
CA,Leucine,A,108,Leucine CA
C,Leucine,A,108,Leucine C
O,Leucine,A,108,Leucine O
CB,Leucine,A,108,Leucine CB
CG,Leucine,A,108,Leucine CG
CD1,Leucine,A,108,Leucine CD1
CD2,Leucine,A,108,Leucine CD2
N,Alanine,A,109,Alanine N
CA,Alanine,A,109,Alanine CA
C,Alanine,A,109,Alanine C
O,Alanine,A,109,Alanine O
CB,Alanine,A,109,Alanine CB
N,Lysine,A,110,Lysine N
CA,Lysine,A,110,Lysine CA
C,Lysine,A,110,Lysine C
O,Lysine,A,110,Lysine O
CB,Lysine,A,110,Lysine CB
CG,Lysine,A,110,Lysine CG
CD,Lysine,A,110,Lysine CD
CE,Lysine,A,110,Lysine CE
NZ,Lysine,A,110,Lysine NZ
N,Valine,A,111,Valine N
CA,Valine,A,111,Valine CA
C,Valine,A,111,Valine C
O,Valine,A,111,Valine O
CB,Valine,A,111,Valine CB
CG1,Valine,A,111,Valine CG1
CG2,Valine,A,111,Valine CG2
N,Alanine,A,112,Alanine N
CA,Alanine,A,112,Alanine CA
C,Alanine,A,112,Alanine C
O,Alanine,A,112,Alanine O
CB,Alanine,A,112,Alanine CB
N,Tyrosine,A,113,Tyrosine N
CA,Tyrosine,A,113,Tyrosine CA
C,Tyrosine,A,113,Tyrosine C
O,Tyrosine,A,113,Tyrosine O
CB,Tyrosine,A,113,Tyrosine CB
CG,Tyrosine,A,113,Tyrosine CG
CD1,Tyrosine,A,113,Tyrosine CD1
CD2,Tyrosine,A,113,Tyrosine CD2
CE1,Tyrosine,A,113,Tyrosine CE1
CE2,Tyrosine,A,113,Tyrosine CE2
CZ,Tyrosine,A,113,Tyrosine CZ
OH,Tyrosine,A,113,Tyrosine OH
N,Valine,A,114,Valine N
CA,Valine,A,114,Valine CA
C,Valine,A,114,Valine C
O,Valine,A,114,Valine O
CB,Valine,A,114,Valine CB
CG1,Valine,A,114,Valine CG1
CG2,Valine,A,114,Valine CG2
N,Tyrosine,A,115,Tyrosine N
CA,Tyrosine,A,115,Tyrosine CA
C,Tyrosine,A,115,Tyrosine C
O,Tyrosine,A,115,Tyrosine O
CB,Tyrosine,A,115,Tyrosine CB
CG,Tyrosine,A,115,Tyrosine CG
CD1,Tyrosine,A,115,Tyrosine CD1
CD2,Tyrosine,A,115,Tyrosine CD2
CE1,Tyrosine,A,115,Tyrosine CE1
CE2,Tyrosine,A,115,Tyrosine CE2
CZ,Tyrosine,A,115,Tyrosine CZ
OH,Tyrosine,A,115,Tyrosine OH
N,Lysine,A,116,Lysine N
CA,Lysine,A,116,Lysine CA
C,Lysine,A,116,Lysine C
O,Lysine,A,116,Lysine O
CB,Lysine,A,116,Lysine CB
CG,Lysine,A,116,Lysine CG
CD,Lysine,A,116,Lysine CD
CE,Lysine,A,116,Lysine CE
NZ,Lysine,A,116,Lysine NZ
N,Glycine,A,117,Glycine N
CA,Glycine,A,117,Glycine CA
C,Glycine,A,117,Glycine C
O,Glycine,A,117,Glycine O
N,Asparagine,A,118,Asparagine N
CA,Asparagine,A,118,Asparagine CA
C,Asparagine,A,118,Asparagine C
O,Asparagine,A,118,Asparagine O
CB,Asparagine,A,118,Asparagine CB
CG,Asparagine,A,118,Asparagine CG
OD1,Asparagine,A,118,Asparagine OD1
ND2,Asparagine,A,118,Asparagine ND2
N,Asparagine,A,119,Asparagine N
CA,Asparagine,A,119,Asparagine CA
C,Asparagine,A,119,Asparagine C
O,Asparagine,A,119,Asparagine O
CB,Asparagine,A,119,Asparagine CB
CG,Asparagine,A,119,Asparagine CG
OD1,Asparagine,A,119,Asparagine OD1
ND2,Asparagine,A,119,Asparagine ND2
N,Threonine,A,120,Threonine N
CA,Threonine,A,120,Threonine CA
C,Threonine,A,120,Threonine C
O,Threonine,A,120,Threonine O
CB,Threonine,A,120,Threonine CB
OG1,Threonine,A,120,Threonine OG1
CG2,Threonine,A,120,Threonine CG2
N,Histidine,A,121,Histidine N
CA,Histidine,A,121,Histidine CA
C,Histidine,A,121,Histidine C
O,Histidine,A,121,Histidine O
CB,Histidine,A,121,Histidine CB
CG,Histidine,A,121,Histidine CG
ND1,Histidine,A,121,Histidine ND1
CD2,Histidine,A,121,Histidine CD2
CE1,Histidine,A,121,Histidine CE1
NE2,Histidine,A,121,Histidine NE2
N,Glutamate,A,122,Glutamate N
CA,Glutamate,A,122,Glutamate CA
C,Glutamate,A,122,Glutamate C
O,Glutamate,A,122,Glutamate O
CB,Glutamate,A,122,Glutamate CB
CG,Glutamate,A,122,Glutamate CG
CD,Glutamate,A,122,Glutamate CD
OE1,Glutamate,A,122,Glutamate OE1
OE2,Glutamate,A,122,Glutamate OE2
N,Glutamine,A,123,Glutamine N
CA,Glutamine,A,123,Glutamine CA
CA,Glutamine,A,123,Glutamine CA
C,Glutamine,A,123,Glutamine C
O,Glutamine,A,123,Glutamine O
CB,Glutamine,A,123,Glutamine CB
CB,Glutamine,A,123,Glutamine CB
CG,Glutamine,A,123,Glutamine CG
CG,Glutamine,A,123,Glutamine CG
CD,Glutamine,A,123,Glutamine CD
CD,Glutamine,A,123,Glutamine CD
OE1,Glutamine,A,123,Glutamine OE1
OE1,Glutamine,A,123,Glutamine OE1
NE2,Glutamine,A,123,Glutamine NE2
NE2,Glutamine,A,123,Glutamine NE2
N,Leucine,A,124,Leucine N
CA,Leucine,A,124,Leucine CA
C,Leucine,A,124,Leucine C
O,Leucine,A,124,Leucine O
CB,Leucine,A,124,Leucine CB
CG,Leucine,A,124,Leucine CG
CD1,Leucine,A,124,Leucine CD1
CD2,Leucine,A,124,Leucine CD2
N,Leucine,A,125,Leucine N
CA,Leucine,A,125,Leucine CA
C,Leucine,A,125,Leucine C
O,Leucine,A,125,Leucine O
CB,Leucine,A,125,Leucine CB
CG,Leucine,A,125,Leucine CG
CD1,Leucine,A,125,Leucine CD1
CD2,Leucine,A,125,Leucine CD2
N,Arginine,A,126,Arginine N
CA,Arginine,A,126,Arginine CA
C,Arginine,A,126,Arginine C
O,Arginine,A,126,Arginine O
CB,Arginine,A,126,Arginine CB
CG,Arginine,A,126,Arginine CG
CD,Arginine,A,126,Arginine CD
NE,Arginine,A,126,Arginine NE
CZ,Arginine,A,126,Arginine CZ
NH1,Arginine,A,126,Arginine NH1
NH2,Arginine,A,126,Arginine NH2
N,Lysine,A,127,Lysine N
CA,Lysine,A,127,Lysine CA
C,Lysine,A,127,Lysine C
O,Lysine,A,127,Lysine O
CB,Lysine,A,127,Lysine CB
CG,Lysine,A,127,Lysine CG
CD,Lysine,A,127,Lysine CD
CE,Lysine,A,127,Lysine CE
NZ,Lysine,A,127,Lysine NZ
N,Alanine,A,128,Alanine N
CA,Alanine,A,128,Alanine CA
C,Alanine,A,128,Alanine C
O,Alanine,A,128,Alanine O
CB,Alanine,A,128,Alanine CB
N,Glutamate,A,129,Glutamate N
CA,Glutamate,A,129,Glutamate CA
C,Glutamate,A,129,Glutamate C
O,Glutamate,A,129,Glutamate O
CB,Glutamate,A,129,Glutamate CB
CG,Glutamate,A,129,Glutamate CG
CD,Glutamate,A,129,Glutamate CD
OE1,Glutamate,A,129,Glutamate OE1
OE2,Glutamate,A,129,Glutamate OE2
N,Alanine,A,130,Alanine N
CA,Alanine,A,130,Alanine CA
C,Alanine,A,130,Alanine C
O,Alanine,A,130,Alanine O
CB,Alanine,A,130,Alanine CB
N,Glutamine,A,131,Glutamine N
CA,Glutamine,A,131,Glutamine CA
C,Glutamine,A,131,Glutamine C
O,Glutamine,A,131,Glutamine O
CB,Glutamine,A,131,Glutamine CB
CG,Glutamine,A,131,Glutamine CG
CD,Glutamine,A,131,Glutamine CD
OE1,Glutamine,A,131,Glutamine OE1
NE2,Glutamine,A,131,Glutamine NE2
N,Alanine,A,132,Alanine N
CA,Alanine,A,132,Alanine CA
C,Alanine,A,132,Alanine C
O,Alanine,A,132,Alanine O
CB,Alanine,A,132,Alanine CB
N,Lysine,A,133,Lysine N
CA,Lysine,A,133,Lysine CA
C,Lysine,A,133,Lysine C
O,Lysine,A,133,Lysine O
CB,Lysine,A,133,Lysine CB
CG,Lysine,A,133,Lysine CG
CD,Lysine,A,133,Lysine CD
CE,Lysine,A,133,Lysine CE
NZ,Lysine,A,133,Lysine NZ
N,Lysine,A,134,Lysine N
CA,Lysine,A,134,Lysine CA
CA,Lysine,A,134,Lysine CA
C,Lysine,A,134,Lysine C
O,Lysine,A,134,Lysine O
CB,Lysine,A,134,Lysine CB
CB,Lysine,A,134,Lysine CB
CG,Lysine,A,134,Lysine CG
CG,Lysine,A,134,Lysine CG
CD,Lysine,A,134,Lysine CD
CD,Lysine,A,134,Lysine CD
CE,Lysine,A,134,Lysine CE
CE,Lysine,A,134,Lysine CE
NZ,Lysine,A,134,Lysine NZ
NZ,Lysine,A,134,Lysine NZ
N,Glutamate,A,135,Glutamate N
CA,Glutamate,A,135,Glutamate CA
C,Glutamate,A,135,Glutamate C
O,Glutamate,A,135,Glutamate O
CB,Glutamate,A,135,Glutamate CB
CG,Glutamate,A,135,Glutamate CG
CD,Glutamate,A,135,Glutamate CD
OE1,Glutamate,A,135,Glutamate OE1
OE2,Glutamate,A,135,Glutamate OE2
N,Lysine,A,136,Lysine N
CA,Lysine,A,136,Lysine CA
C,Lysine,A,136,Lysine C
O,Lysine,A,136,Lysine O
CB,Lysine,A,136,Lysine CB
CG,Lysine,A,136,Lysine CG
CD,Lysine,A,136,Lysine CD
CE,Lysine,A,136,Lysine CE
NZ,Lysine,A,136,Lysine NZ
N,Leucine,A,137,Leucine N
CA,Leucine,A,137,Leucine CA
C,Leucine,A,137,Leucine C
O,Leucine,A,137,Leucine O
CB,Leucine,A,137,Leucine CB
CG,Leucine,A,137,Leucine CG
CD1,Leucine,A,137,Leucine CD1
CD2,Leucine,A,137,Leucine CD2
N,Asparagine,A,138,Asparagine N
CA,Asparagine,A,138,Asparagine CA
C,Asparagine,A,138,Asparagine C
O,Asparagine,A,138,Asparagine O
CB,Asparagine,A,138,Asparagine CB
CG,Asparagine,A,138,Asparagine CG
OD1,Asparagine,A,138,Asparagine OD1
ND2,Asparagine,A,138,Asparagine ND2
N,Isoleucine,A,139,Isoleucine N
CA,Isoleucine,A,139,Isoleucine CA
CA,Isoleucine,A,139,Isoleucine CA
C,Isoleucine,A,139,Isoleucine C
O,Isoleucine,A,139,Isoleucine O
CB,Isoleucine,A,139,Isoleucine CB
CB,Isoleucine,A,139,Isoleucine CB
CG1,Isoleucine,A,139,Isoleucine CG1
CG1,Isoleucine,A,139,Isoleucine CG1
CG2,Isoleucine,A,139,Isoleucine CG2
CG2,Isoleucine,A,139,Isoleucine CG2
CD1,Isoleucine,A,139,Isoleucine CD1
CD1,Isoleucine,A,139,Isoleucine CD1
N,Tryptophan,A,140,Tryptophan N
CA,Tryptophan,A,140,Tryptophan CA
C,Tryptophan,A,140,Tryptophan C
O,Tryptophan,A,140,Tryptophan O
CB,Tryptophan,A,140,Tryptophan CB
CG,Tryptophan,A,140,Tryptophan CG
CD1,Tryptophan,A,140,Tryptophan CD1
CD2,Tryptophan,A,140,Tryptophan CD2
NE1,Tryptophan,A,140,Tryptophan NE1
CE2,Tryptophan,A,140,Tryptophan CE2
CE3,Tryptophan,A,140,Tryptophan CE3
CZ2,Tryptophan,A,140,Tryptophan CZ2
CZ3,Tryptophan,A,140,Tryptophan CZ3
CH2,Tryptophan,A,140,Tryptophan CH2
N,Serine,A,141,Serine N
CA,Serine,A,141,Serine CA
C,Serine,A,141,Serine C
O,Serine,A,141,Serine O
CB,Serine,A,141,Serine CB
OG,Serine,A,141,Serine OG
