Residue Name_Aspartate,Residue Name_Glutamate,Residue Name_Histidine,Residue Name_Lysine,atom_label,recalculated_x,recalculated_y,recalculated_z,Dipole_X,Dipole_Y,Dipole_Z,Radius_9A_N_Count,Radius_9A_CA_C_Count,Radius_9A_O_Count,Radius_9A_S_Count,Number of H-Bonds as donor,Number of H-Bonds as acceptor,SASA_Value,Expt. pKa
0,1,0,0,0,-0.617862886,-1.283288398,-0.282523268,0.035851,-0.22076,-0.19661,0.5517241379310345,0.4311926605504587,0.375,0.0,0,0,0.0,3.76
0,1,0,0,1,0.0,0.0,0.0,-0.361464,-0.400943,-0.238965,0.5172413793103448,0.3577981651376147,0.40625,0.0,0,0,0.0,3.76
0,1,0,0,2,1.53728857,-1.29e-16,-4.36e-17,-0.023581,-0.025556,-0.193926,0.5172413793103448,0.3944954128440367,0.46875,0.0,0,0,0.0,3.76
0,1,0,0,3,2.138877106,1.074759784,-1.04e-17,0.078856,0.028342,-0.171337,0.3793103448275862,0.3211009174311927,0.375,0.0,0,0,0.1819248,3.76
0,1,0,0,4,-0.827515272,-1.838416927,0.557860729,0.05969,-0.179745,-0.23888,0.6206896551724138,0.4770642201834862,0.46875,0.0,0,0,0.0,3.76
0,1,0,0,4,-0.270422007,0.714893182,-0.808775989,-0.23292,0.071311,0.243233,0.3793103448275862,0.3119266055045872,0.34375,0.0,0,0,0.09114283,3.76
0,1,0,0,5,-0.537318302,0.572437243,1.341893869,-0.224724,-0.440253,-0.077631,0.5517241379310345,0.3944954128440367,0.4375,0.0,0,0,0.0,3.76
0,1,0,0,5,-2.052651191,0.89641416,1.319771755,0.25653,0.695885,0.209609,0.4137931034482758,0.3394495412844037,0.40625,0.0,0,0,0.0,3.76
0,1,0,0,5,-2.649285051,1.210559669,2.667592881,-0.240739,0.612806,0.072123,0.4137931034482758,0.3577981651376147,0.46875,0.0,0,0,0.04277017,3.76
0,1,0,0,8,-1.934645952,1.152723339,3.70503999,-0.223401,0.923934,0.469275,0.5172413793103448,0.3669724770642202,0.46875,0.0,0,0,0.072546706,3.76
0,1,0,0,8,-3.874050358,1.464537914,2.779932415,-0.359869,0.63504,0.409889,0.3793103448275862,0.2844036697247706,0.34375,0.0,0,1,0.14732562,3.76
0,1,0,0,7,0.033673407,1.489648757,1.62235274,0.086417,0.028688,0.07658,0.5172413793103448,0.3853211009174312,0.4375,0.0,0,0,0.05309291,3.76
0,1,0,0,7,-0.333408348,-0.164829547,2.153680265,0.049596,-0.032696,0.004564,0.7241379310344828,0.5045871559633028,0.46875,0.0,0,0,0.0,3.76
0,1,0,0,7,-2.621977653,0.031699829,0.908093795,-0.015145,0.119649,-0.151731,0.3793103448275862,0.3486238532110092,0.375,0.0,0,0,0.008848819,3.76
0,1,0,0,7,-2.257092598,1.749711593,0.633682037,-0.108967,0.075514,0.053633,0.3103448275862068,0.2477064220183486,0.28125,0.0,0,0,0.20175306,3.76
