Residue Name_Aspartate,Residue Name_Glutamate,Residue Name_Histidine,Residue Name_Tyrosine,atom_label,recalculated_x,recalculated_y,recalculated_z,Dipole_X,Dipole_Y,Dipole_Z,Radius_8A_N_Count,Radius_8A_CA_C_Count,Radius_8A_O_Count,Radius_8A_S_Count,Number of H-Bonds as donor,Number of H-Bonds as acceptor,SASA_Value
0.0,0.0,0.0,1.0,0,-0.4660125942354028,0.8584520674752716,1.0791855786200184,0.160826,0.158196,-0.189395,0.6818181818181819,0.6746987951807228,0.7619047619047619,0.0,0,0,0.0
0.0,0.0,0.0,1.0,1,0.0,0.0,0.0,0.106308,-0.168297,-0.566987,0.5909090909090909,0.7349397590361446,0.6190476190476191,0.0,0,0,0.0
0.0,0.0,0.0,1.0,2,1.535343585260642,0.0,-5.551115123125783e-17,-0.104875,-0.410691,-0.115607,0.6363636363636364,0.7710843373493976,0.6190476190476191,0.0,0,0,0.0
0.0,0.0,0.0,1.0,3,2.17822956979774,1.0623061065176866,-5.551115123125783e-17,-0.22428,-0.299059,-0.117087,0.5909090909090909,0.7349397590361446,0.5714285714285714,0.0,0,0,0.0
0.0,0.0,0.0,1.0,4,-0.3881894237111867,1.8636776305375504,0.8709255458612523,0.290595,0.209926,-0.089488,0.6818181818181819,0.7108433734939759,0.7619047619047619,0.0,0,0,0.0
0.0,0.0,0.0,1.0,4,-0.3761565739312723,-1.03564017344258,0.1809869958729224,-0.346611,-0.358256,0.074437,0.6818181818181819,0.7469879518072289,0.6666666666666666,0.0,0,0,0.0
0.0,0.0,0.0,1.0,5,-0.4714765924899555,0.4971134312031833,-1.39955463479689,0.141096,-0.098174,-0.139919,0.5454545454545454,0.5903614457831325,0.7619047619047619,0.0,0,0,0.0
0.0,0.0,0.0,1.0,5,-1.950383717022954,0.7646768555423908,-1.560781691351972,-0.132979,0.080747,-0.056376,0.6363636363636364,0.5180722891566265,0.6666666666666666,0.0,0,0,0.0
0.0,0.0,0.0,1.0,5,-2.9043417538101144,-0.1923283535951185,-1.1866581239335832,-0.119805,-0.006684,-0.078605,0.7727272727272727,0.5662650602409639,0.6666666666666666,0.0,0,0,0.0
0.0,0.0,0.0,1.0,5,-2.3983604737592894,1.960467939598464,-2.150957246709862,-0.063817,0.082436,-0.033231,0.5454545454545454,0.4337349397590362,0.5238095238095237,0.0,0,0,0.0075476766
0.0,0.0,0.0,1.0,5,-4.2672802114152,0.0644512957915399,-1.345519373494127,-0.1223,-0.030272,-0.004098,0.6363636363636364,0.45783132530120485,0.6190476190476191,0.0,0,0,0.028932761
0.0,0.0,0.0,1.0,5,-3.761842992583646,2.221519143576365,-2.294669319765932,0.004891,-0.047874,-0.072811,0.4545454545454546,0.3614457831325302,0.47619047619047616,0.0,0,0,0.052833736
0.0,0.0,0.0,1.0,5,-4.706337288974529,1.277117262373045,-1.87714788074426,0.010897,-0.011038,-0.135598,0.5454545454545454,0.3734939759036145,0.6190476190476191,0.0,0,0,0.028932761
0.0,0.0,0.0,1.0,8,-6.04612232906039,1.4737108767411982,-2.00307751850198,0.076775,0.291495,-0.068432,0.4545454545454546,0.32530120481927716,0.5238095238095237,0.0,0,0,0.1752282
0.0,0.0,0.0,1.0,7,-0.1552548423189169,-0.2217228964735579,-2.188167911213144,-0.044876,0.017775,-0.029015,0.5454545454545454,0.6024096385542168,0.7619047619047619,0.0,0,0,0.0
0.0,0.0,0.0,1.0,7,0.0597115584876986,1.4516262114781666,-1.6086412813854791,-0.016975,0.078599,-0.029188,0.5909090909090909,0.5662650602409639,0.7142857142857142,0.0,0,0,0.0
0.0,0.0,0.0,1.0,7,-2.591627579042197,-1.1504144995476575,-0.744879707939739,-0.037015,0.008744,-0.016246,0.7727272727272727,0.6626506024096386,0.6666666666666666,0.0,0,0,0.0
0.0,0.0,0.0,1.0,7,-1.6754997363338004,2.7169651284684053,-2.498063567152971,-0.036378,0.008221,0.026955,0.4090909090909091,0.4337349397590362,0.6190476190476191,0.0,0,0,0.033625513
0.0,0.0,0.0,1.0,7,-5.0056571348525365,-0.6938326199473033,-1.050029813901945,-0.150747,-0.062843,-0.001329,0.6363636363636364,0.45783132530120485,0.6666666666666666,0.0,0,0,0.012388347
0.0,0.0,0.0,1.0,7,-4.094506731893367,3.164865942917422,-2.755328164384654,0.03835,-0.095168,-0.097706,0.4090909090909091,0.32530120481927716,0.38095238095238093,0.0,0,0,0.16547291
0.0,0.0,0.0,1.0,7,-6.182029928671439,2.372056418387706,-2.2924199477753344,0.304966,0.190551,-0.223646,0.36363636363636365,0.32530120481927716,0.38095238095238093,0.0,0,0,0.20706236
