Residue Name_Aspartate,Residue Name_Glutamate,Residue Name_Histidine,Residue Name_Lysine,atom_label,recalculated_x,recalculated_y,recalculated_z,Dipole_X,Dipole_Y,Dipole_Z,Radius_10A_N_Count,Radius_10A_CA_C_Count,Radius_10A_O_Count,Radius_10A_S_Count,Number of H-Bonds as donor,Number of H-Bonds as acceptor,SASA_Value
0.0,1.0,0.0,0.0,0,-0.5328408034498456,-1.1071098351266782,-0.7711439449218924,-0.164073,-0.329527,-0.167813,0.6000000000000001,0.5714285714285715,0.5,0.6666666666666666,0.0,0.0,0.0
0.0,1.0,0.0,0.0,1,0.0,0.0,0.0,-0.620646,-0.326289,-0.367481,0.5750000000000001,0.5649350649350651,0.475,0.6666666666666666,0.0,0.0,0.0
0.0,1.0,0.0,0.0,2,1.536431246069279,-2.220446049250313e-16,2.775557561562892e-17,-0.112445,-0.160565,-0.266715,0.5,0.5000000000000001,0.475,1.0,0.0,0.0,0.0
0.0,1.0,0.0,0.0,3,2.156904220231257,1.065244693354813,5.551115123125783e-17,0.005003,-0.135537,-0.251378,0.55,0.5259740259740261,0.45,1.0,0.0,0.0,0.023438167
0.0,1.0,0.0,0.0,4,-1.136145984625653,-1.749229078197795,-0.2427918102908279,-0.06308,-0.246899,-0.288465,0.6000000000000001,0.590909090909091,0.5,0.6666666666666666,0.0,0.0,0.0
0.0,1.0,0.0,0.0,4,-0.3079244488065227,0.9364990017114212,-0.5189454451420783,-0.316622,0.124497,0.145825,0.625,0.5779220779220781,0.5,0.6666666666666666,0.0,0.0,0.0
0.0,1.0,0.0,0.0,5,-0.5454978292215781,-0.0210305646287079,1.4685000339281409,-0.569717,-0.368684,0.176188,0.55,0.5584415584415585,0.5,0.6666666666666666,0.0,0.0,0.0
0.0,1.0,0.0,0.0,5,-0.7745503241896019,1.38943754670182,2.049918578553795,0.562621,-0.250857,-0.175461,0.625,0.5844155844155845,0.5,0.6666666666666666,0.0,0.0,0.0
0.0,1.0,0.0,0.0,5,-1.7251983553414902,2.264423984813636,1.243314933802276,0.156542,-0.261632,-0.13807,0.5750000000000001,0.5974025974025975,0.525,0.6666666666666666,0.0,0.0,0.0
0.0,1.0,0.0,0.0,8,-1.4333408953938291,3.4851301674069264,1.1060728998898706,0.607191,-0.585753,-0.325621,0.675,0.6103896103896105,0.525,0.6666666666666666,0.0,0.0,0.08035943
0.0,1.0,0.0,0.0,8,-2.697756207748393,1.7130555676035355,0.6688108431459087,-0.040564,-0.030911,-0.107747,0.625,0.5974025974025975,0.525,0.3333333333333333,0.0,0.0,0.02455427
0.0,1.0,0.0,0.0,7,0.1242214998395053,-0.6163038080027397,2.1327663872653635,0.024533,0.063143,-0.091922,0.525,0.48701298701298706,0.525,0.6666666666666666,0.0,0.0,0.0017697638
0.0,1.0,0.0,0.0,7,-1.533066234995578,-0.5382691921855033,1.499133589470414,-0.080172,0.030339,-0.089265,0.625,0.6103896103896105,0.475,0.6666666666666666,0.0,0.0,0.0
0.0,1.0,0.0,0.0,7,0.1943580994170566,1.9238975926600583,2.1639996175891123,0.04814,-0.035022,0.099948,0.625,0.603896103896104,0.475,0.6666666666666666,0.0,0.0,0.049553387
0.0,1.0,0.0,0.0,7,-1.2028343257350411,1.310469361495297,3.07445485032528,-0.010933,-0.100835,0.05225,0.65,0.6103896103896105,0.525,0.3333333333333333,0.0,0.0,0.0
