Residue Name_Aspartate,Residue Name_Glutamate,Residue Name_Histidine,Residue Name_Lysine,atom_label,recalculated_x,recalculated_y,recalculated_z,Radius_9A_N_Count,Radius_9A_CA_C_Count,Radius_9A_O_Count,Radius_9A_S_Count,Number of H-Bonds as donor,Number of H-Bonds as acceptor,SASA_Value,Expt.pKa,atomic_charge
0,0,0,1,0,-0.5972639222127754,-1.188281979463273,-0.5874150748413387,0.28125,0.384615385,0.323529412,0.0,0,0,0.0,11.01,-0.47
0,0,0,1,1,0.0,0.0,0.0,0.28125,0.384615385,0.323529412,0.0,0,0,0.0,11.01,0.07
0,0,0,1,2,1.539140143168581,-2.604222403545454e-17,4.3251463754503314e-18,0.25,0.444444444,0.352941176,0.0,0,0,0.0,11.01,0.51
0,0,0,1,3,2.1397222159257816,1.0733954380621635,-9.972215639198984e-17,0.28125,0.435897436,0.352941176,0.0,0,0,0.09152046,11.01,-0.51
0,0,0,1,4,-0.8543982951791315,-1.9233121944827352,0.0855089425615487,0.28125,0.452991453,0.352941176,0.0,0,0,0.0,11.01,0.31
0,0,0,1,4,-0.2819577182501341,0.8858763441674775,-0.6215088811695656,0.25,0.324786325,0.294117647,0.0,0,0,0.017697638,11.01,0.09
0,0,0,1,5,-0.5080037817747701,0.213249751368454,1.4605242441578377,0.3125,0.444444444,0.470588235,0.0,0,0,0.0,11.01,-0.18
0,0,0,1,5,-2.0456809936800773,0.3331548356009337,1.603320334886264,0.28125,0.393162393,0.352941176,0.0,0,0,0.0,11.01,-0.18
0,0,0,1,5,-2.50694650210379,0.3595053612111232,3.081047466712258,0.3125,0.427350427,0.323529412,0.0,0,0,0.0,11.01,-0.18
0,0,0,1,5,-4.045584234270728,0.4230232288334635,3.223227383124163,0.21875,0.367521368,0.264705882,0.0,0,0,0.007547677,11.01,0.21
0,0,0,1,6,-4.466198559076947,0.5341296204339314,4.611684047774642,0.375,0.393162393,0.294117647,0.0,0,0,0.0,11.01,-0.3
0,0,0,1,7,-0.0364843914040182,1.1432301750882277,1.8595055287244024,0.3125,0.435897436,0.382352941,0.0,0,0,0.048668504,11.01,0.09
0,0,0,1,7,-0.1213826043763562,-0.6212457339262136,2.096387805038536,0.3125,0.572649573,0.411764706,0.0,0,0,0.0,11.01,0.09
0,0,0,1,7,-2.550637961758374,-0.5114518103794662,1.07875812094123,0.25,0.41025641,0.352941176,0.0,0,0,0.0,11.01,0.09
0,0,0,1,7,-2.3830492569176425,1.2643625676239427,1.087327652910412,0.28125,0.333333333,0.352941176,0.0,0,0,0.11857417,11.01,0.09
0,0,0,1,7,-2.041430929515333,1.2336237371127086,3.596722623952566,0.375,0.444444444,0.294117647,0.0,0,0,0.084063776,11.01,0.09
0,0,0,1,7,-2.1235974570504093,-0.5490893877970898,3.60446559606714,0.28125,0.495726496,0.352941176,0.0,0,0,0.000884882,11.01,0.09
0,0,0,1,7,-4.515510372140798,-0.4907675283454411,2.7902045865499843,0.15625,0.367521368,0.323529412,0.0,0,0,0.04689874,11.01,0.05
0,0,0,1,7,-4.466264843009864,1.2904418027834572,2.664677671818688,0.21875,0.316239316,0.205882353,0.0,0,0,0.18494031,11.01,0.05
0,0,0,1,7,-5.471213306890313,0.3718021366472883,4.693996246136321,0.28125,0.393162393,0.264705882,0.0,0,0,0.11591953,11.01,0.31
0,0,0,1,7,-4.30105731896496,1.4551196648061866,5.002211399516446,0.21875,0.384615385,0.352941176,0.0,0,0,0.20352283,11.01,0.31
0,0,0,1,7,-4.056502714334152,-0.1568419676432728,5.228957397509225,0.40625,0.47008547,0.382352941,0.0,0,0,0.006194173,11.01,0.31
