Residue Name_Aspartate,Residue Name_Glutamate,Residue Name_Histidine,Residue Name_Lysine,atom_label,recalculated_x,recalculated_y,recalculated_z,Dipole_X,Dipole_Y,Dipole_Z,Radius_7A_N_Count,Radius_7A_CA_C_Count,Radius_7A_O_Count,Radius_7A_S_Count,Number of H-Bonds as donor,Number of H-Bonds as acceptor,SASA_Value
0.0,0.0,0.0,1.0,0,-0.5618973821688252,-1.2006447967827405,-0.597332575284785,-0.291925,0.209822,0.210447,0.29411764705882354,0.3684210526315789,0.5,0.0,0.0,0.0,0.0022783095
0.0,0.0,0.0,1.0,1,0.0,0.0,0.0,-0.103189,0.00214,0.764449,0.23529411764705882,0.24561403508771928,0.3333333333333333,0.0,0.0,0.0,0.0
0.0,0.0,0.0,1.0,2,1.54016784840614,-2.775557561562892e-17,0.0,-0.158665,0.262384,0.283657,0.23529411764705882,0.3333333333333333,0.3333333333333333,0.0,0.0,0.0,0.0012579461
0.0,0.0,0.0,1.0,3,2.1717031311187225,1.0677585535387386,-5.551115123125783e-17,-0.247861,0.357195,0.231722,0.1764705882352941,0.2631578947368421,0.3333333333333333,0.0,0.0,0.0,0.3102767
0.0,0.0,0.0,1.0,4,-0.641213736491129,-2.0258283380985405,0.0135789963911279,-0.305403,0.249831,-0.110576,0.29411764705882354,0.3684210526315789,0.5555555555555556,0.0,0.0,0.0,0.0
0.0,0.0,0.0,1.0,4,-0.2800182756043828,0.864395561661045,-0.6543164600399672,0.36128,-0.085583,0.119226,0.1764705882352941,0.22807017543859648,0.38888888888888884,0.0,0.0,0.0,0.1221137
0.0,0.0,0.0,1.0,5,-0.5539133203636599,0.2711912173107438,1.429993062126605,-0.10556,-0.103549,0.24779,0.23529411764705882,0.19298245614035087,0.2777777777777778,0.0,0.0,0.0,0.0037738383
0.0,0.0,0.0,1.0,5,-0.2677058007091143,-0.8177601520816957,2.4934456553217705,0.067665,0.112501,0.155556,0.23529411764705882,0.24561403508771928,0.2777777777777778,0.0,0.0,0.0,0.0
0.0,0.0,0.0,1.0,5,-0.5547918654036692,-0.3527628130173407,3.9422306377312593,0.087752,0.056858,0.556175,0.058823529411764705,0.14035087719298245,0.16666666666666666,0.0,0.0,0.0,0.0025158923
0.0,0.0,0.0,1.0,5,0.4868915880980367,-0.8177740442490311,4.9783736915544985,0.177222,-0.053691,-0.026164,0.11764705882352941,0.14035087719298245,0.1111111111111111,0.0,0.0,0.0,0.015095353
0.0,0.0,0.0,1.0,6,1.812376863213108,-0.246016012724456,4.761060957861176,0.027729,-0.098774,-0.058538,0.11764705882352941,0.15789473684210525,0.16666666666666666,0.0,0.0,0.0,0.009113238
0.0,0.0,0.0,1.0,7,-1.656659505344487,0.4376143566788712,1.3673295995180896,-0.051433,-0.016202,0.140183,0.11764705882352941,0.17543859649122806,0.2777777777777778,0.0,0.0,0.0,0.2052926
0.0,0.0,0.0,1.0,7,-0.134757710792874,1.245045151969414,1.7765341186122292,-0.07441,0.060397,-0.000149,0.11764705882352941,0.15789473684210525,0.2777777777777778,0.0,0.0,0.0,0.11768929
0.0,0.0,0.0,1.0,7,0.7828577443892009,-1.1704302828029072,2.3801142943904514,0.028081,0.102367,0.114589,0.29411764705882354,0.24561403508771928,0.3333333333333333,0.0,0.0,0.0,0.0
0.0,0.0,0.0,1.0,7,-0.8915206148401034,-1.720533584643588,2.2818383255854493,-0.050247,0.100319,0.036977,0.1764705882352941,0.22807017543859648,0.3333333333333333,0.0,0.0,0.0,0.02389181
0.0,0.0,0.0,1.0,7,-1.562701884474946,-0.7230482352568826,4.246628081750786,-0.027497,0.005346,0.080822,0.058823529411764705,0.12280701754385964,0.16666666666666666,0.0,0.0,0.0,0.2291844
0.0,0.0,0.0,1.0,7,-0.6429165223054844,0.7578277790470813,3.997783417922136,0.054287,-0.165466,0.019696,0.058823529411764705,0.08771929824561403,0.16666666666666666,0.0,0.0,0.0,0.14600551
0.0,0.0,0.0,1.0,7,0.5660874871906094,-1.9296655047083384,4.998100197620886,-0.059707,0.036014,-0.064158,0.1764705882352941,0.17543859649122806,0.2222222222222222,0.0,0.0,0.0,0.15042992
0.0,0.0,0.0,1.0,7,0.1489022212672026,-0.5070807575234001,5.9926952597442495,0.010606,-0.025559,-0.09852,0.11764705882352941,0.07017543859649122,0.1111111111111111,0.0,0.0,0.0,0.24068788
0.0,0.0,0.0,1.0,7,2.4219155223842623,-0.4503615661866859,5.546688799082479,-0.048228,-0.096371,0.052209,0.11764705882352941,0.14035087719298245,0.05555555555555555,0.0,0.0,0.0,0.20706236
0.0,0.0,0.0,1.0,7,1.782016167175732,0.7684690710347146,4.682543088256356,0.037047,-0.118111,0.045191,0.11764705882352941,0.12280701754385964,0.05555555555555555,0.0,0.0,0.0,0.20352283
0.0,0.0,0.0,1.0,7,2.267610165631138,-0.5961511984578939,3.924415375279168,-0.022605,-0.095868,0.010836,0.23529411764705882,0.19298245614035087,0.16666666666666666,0.0,0.0,0.0,0.0
