Residue Name_Aspartate,Residue Name_Glutamate,Residue Name_Histidine,Residue Name_Lysine,atom_label,recalculated_x,recalculated_y,recalculated_z,Dipole_X,Dipole_Y,Dipole_Z,Radius_10A_N_Count,Radius_10A_CA_C_Count,Radius_10A_O_Count,Radius_10A_S_Count,Number of H-Bonds as donor,Number of H-Bonds as acceptor,SASA_Value,Expt.pKa
0,0,1,0,0,-0.5250406933395755,-0.8208740203202964,1.078517362163304,-0.253969,-0.143453,0.194322,0.386363636,0.406451613,0.476190476,0.0,0,0,0.0,6.3
0,0,1,0,1,0.0,0.0,0.0,-0.368995,-0.103097,-0.175517,0.409090909,0.419354839,0.476190476,0.0,0,0,0.0,6.3
0,0,1,0,2,1.5352441033835629,2.843099495971304e-17,-7.022277512832811e-17,-0.048187,0.00405,0.144388,0.363636364,0.419354839,0.476190476,0.0,0,0,0.0,6.3
0,0,1,0,3,2.1638690148168704,1.058263874084561,-1.986372201296291e-17,-0.093913,0.015983,0.071793,0.363636364,0.393548387,0.428571429,0.0,0,0,0.07589501,6.3
0,0,1,0,4,-1.139562376930952,-1.5993069992142706,0.7861870241015949,-0.247482,-0.192751,0.232861,0.409090909,0.458064516,0.523809524,0.0,0,0,0.0,6.3
0,0,1,0,4,-0.2761958447288441,-0.4787450376196044,-0.9706362439380278,0.11264,-0.248079,0.208606,0.477272727,0.490322581,0.595238095,0.0,0,0,0.0,6.3
0,0,1,0,5,-0.5172538982796533,1.4738926264839551,0.0039392630949001,0.106507,-0.017754,-0.269016,0.363636364,0.348387097,0.428571429,0.0,0,0,0.007547677,6.3
0,0,1,0,5,-1.8978373194318392,1.725747948388093,-0.5194167102972911,0.027819,0.186162,-0.03187,0.386363636,0.316129032,0.476190476,0.0,0,0,0.036480438,6.3
0,0,1,0,6,-3.028471195620277,1.9048729905241408,0.2447775191881636,-0.046751,0.124913,-0.073417,0.340909091,0.296774194,0.380952381,0.0,0,0,0.031896334,6.3
0,0,1,0,5,-2.3016195471569136,1.8183785825215848,-1.8359355882669173,0.018868,0.119442,0.01679,0.340909091,0.322580645,0.452380952,0.0,0,0,0.07799266,6.3
0,0,1,0,5,-4.093839756051323,2.115241639049895,-0.5586886222692887,-0.020537,0.098638,-0.061816,0.340909091,0.303225806,0.428571429,0.0,0,0,0.10566747,6.3
0,0,1,0,6,-3.6568969059862577,2.036049162137589,-1.8332187085879723,-0.137597,0.073612,0.116233,0.340909091,0.303225806,0.428571429,0.0,0,0,0.035313796,6.3
0,0,1,0,7,0.1714365477339631,2.081929709473626,-0.6327209808068042,0.084868,0.075594,0.022453,0.409090909,0.335483871,0.404761905,0.0,0,0,0.08583354,6.3
0,0,1,0,7,-0.3931755833164667,1.9111236683531023,1.0205190899235257,-0.00097,0.081889,0.086876,0.295454545,0.303225806,0.357142857,0.0,0,0,0.08052425,6.3
0,0,1,0,7,-3.084989510589712,1.8983088877147265,1.2793361868780742,-0.204365,0.093675,-0.092474,0.318181818,0.277419355,0.357142857,0.0,0,0,0.13538693,6.3
0,0,1,0,7,-1.6847969416025643,1.7619811739109084,-2.7250076795560005,0.086888,0.085948,-0.056549,0.386363636,0.374193548,0.476190476,0.0,0,0,0.045128975,6.3
0,0,1,0,7,-5.111138754515414,2.2957727254634284,-0.2459329893666877,0.000913,-0.011739,-0.032011,0.363636364,0.283870968,0.357142857,0.0,0,0,0.15485433,6.3
0,0,1,0,7,-4.264828434892329,2.119319773513532,-2.6625276572126704,-0.125174,0.038122,0.03954,0.409090909,0.341935484,0.428571429,0.0,0,0,0.08229402,6.3
