Residue Name_Aspartate,Residue Name_Glutamate,Residue Name_Histidine,Residue Name_Lysine,atom_label,recalculated_x,recalculated_y,recalculated_z,Radius_7A_N_Count,Radius_7A_CA_C_Count,Radius_7A_O_Count,Radius_7A_S_Count,Number of H-Bonds as donor,Number of H-Bonds as acceptor,SASA_Value,Expt.pKa,atomic_charge
1,0,0,0,0,-0.553458463,1.032441981,0.868610028,0.473684211,0.529411765,0.444444444,0.0,0,0,0.0,2.99,-0.47
1,0,0,0,1,0.0,0.0,0.0,0.368421053,0.426470588,0.5,0.0,0,0,0.0,2.99,0.07
1,0,0,0,2,1.539863464,2.93e-17,4.17e-19,0.421052632,0.382352941,0.5,0.0,0,0,0.0,2.99,0.51
1,0,0,0,3,2.210001197,1.040358904,-9.88e-17,0.368421053,0.382352941,0.388888889,0.0,0,0,0.13170017,2.99,-0.51
1,0,0,0,4,-0.142047397,1.9694479,0.775935081,0.526315789,0.602941176,0.444444444,0.0,0,0,0.008848819,2.99,0.31
1,0,0,0,4,-0.340757743,-0.990593704,0.386194016,0.368421053,0.455882353,0.5,0.0,0,0,0.0,2.99,0.09
1,0,0,0,5,-0.558330778,0.195424439,-1.435249151,0.421052632,0.338235294,0.333333333,0.0,0,0,0.011321515,2.99,-0.28
1,0,0,0,5,-2.053373861,0.475665988,-1.476211022,0.421052632,0.323529412,0.388888889,0.0,0,0,0.04151222,2.99,0.62
1,0,0,0,8,-2.83564241,-0.40505031,-1.022513888,0.368421053,0.308823529,0.388888889,0.0,0,1,0.006696619,2.99,-0.76
1,0,0,0,8,-2.417292561,1.599985016,-1.930642315,0.315789474,0.367647059,0.222222222,0.0,0,0,0.18080871,2.99,-0.76
1,0,0,0,7,-0.019415518,1.04210198,-1.920159788,0.421052632,0.279411765,0.333333333,0.0,0,0,0.12653811,2.99,0.09
1,0,0,0,7,-0.350114995,-0.699448004,-2.068194019,0.421052632,0.264705882,0.333333333,0.0,0,0,0.0831789,2.99,0.09
