Residue Name_Aspartate,Residue Name_Glutamate,Residue Name_Histidine,Residue Name_Lysine,atom_label,recalculated_x,recalculated_y,recalculated_z,Dipole_X,Dipole_Y,Dipole_Z,Radius_8A_N_Count,Radius_8A_CA_C_Count,Radius_8A_O_Count,Radius_8A_S_Count,Number of H-Bonds as donor,Number of H-Bonds as acceptor,SASA_Value,Expt. pKa
0,1,0,0,0,-0.576362734,-0.997266419,-0.894515353,0.24542,0.11309,0.146431,0.4090909090909091,0.5,0.4782608695652174,0.0,0,0,0.0,2.9
0,1,0,0,1,0.0,0.0,0.0,0.120116,0.027468,0.632774,0.4545454545454545,0.5357142857142857,0.4782608695652174,0.0,0,0,0.0,2.9
0,1,0,0,2,1.523075171,-9.74e-18,1.26e-17,0.285059,0.041022,0.156731,0.4999999999999999,0.6309523809523809,0.5217391304347826,0.0,0,0,0.0,2.9
0,1,0,0,3,2.145267124,1.064432285,1.59e-17,0.334009,0.092591,0.127686,0.5909090909090909,0.6666666666666666,0.5652173913043478,0.0,0,0,0.0,2.9
0,1,0,0,4,-1.018393081,-1.808381114,-0.437389393,0.224628,0.133101,0.115515,0.4090909090909091,0.5,0.4347826086956521,0.0,0,0,0.0,2.9
0,1,0,0,4,-0.274724697,1.015293954,-0.381589109,-0.313008,-0.188497,0.074212,0.4999999999999999,0.5119047619047619,0.5652173913043478,0.0,0,0,0.006194173,2.9
0,1,0,0,5,-0.505170861,-0.153879301,1.461774135,0.080373,0.222308,0.522291,0.4999999999999999,0.5714285714285714,0.4347826086956521,0.0,0,0,0.0,2.9
0,1,0,0,5,-1.977069721,0.262419954,1.610823038,-0.040029,-0.393538,-0.598428,0.5909090909090909,0.5,0.3913043478260869,0.0,0,0,0.003773838,2.9
0,1,0,0,5,-2.653741532,-0.088621902,2.913549445,-0.110178,-0.529523,-0.197111,0.4545454545454545,0.4523809523809523,0.3043478260869565,0.0,0,0,0.0,2.9
0,1,0,0,8,-2.250647746,-1.059023398,3.609469021,-0.468856,-0.474855,-0.244224,0.4545454545454545,0.5,0.3913043478260869,0.0,0,0,0.0,2.9
0,1,0,0,8,-3.627354607,0.617345717,3.292606746,-0.153487,-0.739089,-0.292243,0.4999999999999999,0.4047619047619047,0.3478260869565217,0.0,0,0,0.13616459,2.9
0,1,0,0,7,0.116441903,0.446174239,2.162275131,0.020304,-0.010158,-0.043643,0.5454545454545455,0.6547619047619048,0.4347826086956521,0.0,0,0,0.0,2.9
0,1,0,0,7,-0.376456387,-1.216084611,1.774281857,0.082308,0.023432,-0.060334,0.4545454545454545,0.6785714285714285,0.4347826086956521,0.0,0,0,0.0,2.9
0,1,0,0,7,-2.55884078,-0.237572888,0.809793784,0.154331,-0.179228,0.070656,0.4545454545454545,0.4761904761904761,0.3478260869565217,0.0,0,0,0.045128975,2.9
0,1,0,0,7,-2.0873788,1.354978572,1.425605923,-0.064122,-0.077279,-0.001489,0.5909090909090909,0.5357142857142857,0.4347826086956521,0.0,0,0,0.096452124,2.9
