Residue Name_Aspartate,Residue Name_Glutamate,Residue Name_Histidine,Residue Name_Lysine,atom_label,recalculated_x,recalculated_y,recalculated_z,Radius_10A_N_Count,Radius_10A_CA_C_Count,Radius_10A_O_Count,Radius_10A_S_Count,Number of H-Bonds as donor,Number of H-Bonds as acceptor,SASA_Value,Expt.pKa,atomic_charge
0,1,0,0,0,-0.5188639331555938,1.3292900039515392,0.3137029166485773,0.363636364,0.406451613,0.380952381,0.0,1,0,0.0,4.2,-0.47
0,1,0,0,1,0.0,0.0,0.0,0.318181818,0.341935484,0.404761905,0.0,0,0,0.0,4.2,0.07
0,1,0,0,2,1.5245465351641452,4.666435019856404e-17,4.8295091777556345e-17,0.272727273,0.264516129,0.333333333,0.0,0,0,0.03899633,4.2,0.51
0,1,0,0,3,2.1257906432551508,1.1096295666445857,1.661018894625489e-17,0.25,0.270967742,0.261904762,0.0,0,0,0.24219438,4.2,0.51
0,1,0,0,4,0.1298633602415311,2.079603231322331,0.0331259034969904,0.363636364,0.367741935,0.357142857,0.0,0,0,0.0,4.2,0.31
0,1,0,0,4,-0.346805413310702,-0.7461202658310713,0.756925057489555,0.272727273,0.296774194,0.380952381,0.0,0,0,0.07079055,4.2,0.09
0,1,0,0,5,-0.3890162358246042,-0.4428621552151885,-1.439427389950606,0.340909091,0.35483871,0.428571429,0.0,0,0,0.0,4.2,-0.18
0,1,0,0,5,-1.8777153802896416,-0.5954801731537095,-1.7795224892781083,0.386363636,0.432258065,0.476190476,0.0,0,0,0.0,4.2,-0.28
0,1,0,0,5,-2.062627191088285,-1.259922302454892,-3.141416346845164,0.386363636,0.419354839,0.404761905,0.0,0,0,0.0,4.2,0.62
0,1,0,0,8,-1.5242412920959487,-0.7146111481547026,-4.136094869819803,0.340909091,0.374193548,0.404761905,0.0,0,0,0.020089857,4.2,-0.76
0,1,0,0,8,-2.7259102069046075,-2.335333402182572,-3.188487570412288,0.340909091,0.387096774,0.428571429,0.0,0,1,0.04241192,4.2,-0.76
0,1,0,0,7,0.0794942769326176,-1.437309817382086,-1.610349999244275,0.272727273,0.309677419,0.404761905,0.0,0,0,0.013273228,4.2,0.09
0,1,0,0,7,0.0825952790305888,0.2422766298050819,-2.1832255744542635,0.318181818,0.348387097,0.428571429,0.0,0,0,0.0,4.2,0.09
0,1,0,0,7,-2.389850933629728,0.3899726590434865,-1.794202949576404,0.431818182,0.516129032,0.476190476,0.0,0,0,0.0,4.2,0.09
0,1,0,0,7,-2.38301635057328,-1.2082814057303568,-1.0006914749515372,0.340909091,0.412903226,0.476190476,0.0,0,0,0.0,4.2,0.09
0,1,0,0,8,2.161699006916288,-1.090443578760692,-0.0477181622729827,0.181818182,0.219354839,0.333333333,0.0,0,0,0.34041145,4.2,0.51
