Residue Name_Aspartate,Residue Name_Glutamate,Residue Name_Histidine,Residue Name_Lysine,atom_label,recalculated_x,recalculated_y,recalculated_z,Radius_11A_N_Count,Radius_11A_CA_C_Count,Radius_11A_O_Count,Radius_11A_S_Count,Number of H-Bonds as donor,Number of H-Bonds as acceptor,SASA_Value,Expt.pKa,atomic_charge
1,0,0,0,0,-0.613042291858348,-1.2143132210065342,-0.5223636972826499,0.901960784,0.953367876,0.723404255,0.0,0,0,0.0,2.7,-0.47
1,0,0,0,1,0.0,0.0,0.0,0.882352941,0.875647668,0.659574468,0.0,0,0,0.0,2.7,0.07
1,0,0,0,2,1.5320542277432612,3.902521362332535e-17,5.86924323146397e-17,0.843137255,0.808290155,0.617021277,0.0,0,0,0.0,2.7,0.51
1,0,0,0,3,2.1399759447832123,1.0791629970306602,1.0692794743254848e-16,0.745098039,0.704663212,0.638297872,0.0,0,0,0.0,2.7,-0.51
1,0,0,0,4,-0.5645991701658974,-2.0453424049765725,0.0856354161934995,0.882352941,0.984455959,0.787234043,0.0,0,0,0.0,2.7,0.31
1,0,0,0,4,-0.2326607883991515,0.8341704590450341,-0.7100441647919392,0.843137255,0.844559585,0.723404255,0.0,0,0,0.0,2.7,0.09
1,0,0,0,5,-0.5434609456170821,0.4027870340742807,1.3966777999494486,0.862745098,0.839378238,0.659574468,0.0,0,0,0.0,2.7,-0.28
1,0,0,0,5,-1.8816064456108028,1.1024878732219503,1.3642854249886365,0.843137255,0.834196891,0.680851064,0.0,0,0,0.0,2.7,0.62
1,0,0,0,8,-2.5976326370093177,1.0340464714655295,0.3397418991436116,0.882352941,0.896373057,0.70212766,0.0,0,1,0.0,2.7,-0.76
1,0,0,0,8,-2.2338654043311856,1.7945282079294058,2.364963095249257,0.784313725,0.756476684,0.659574468,0.0,0,0,0.0,2.7,-0.76
1,0,0,0,7,0.1859827868650016,1.0928273459608313,1.880245579655789,0.882352941,0.761658031,0.659574468,0.0,0,0,0.0,2.7,0.09
1,0,0,0,7,-0.601386089734024,-0.4773612885369472,2.0715000975898525,0.862745098,0.860103627,0.680851064,0.0,0,0,0.001769764,2.7,0.09
