Residue Name_Aspartate,Residue Name_Glutamate,Residue Name_Histidine,Residue Name_Lysine,atom_label,recalculated_x,recalculated_y,recalculated_z,Dipole_X,Dipole_Y,Dipole_Z,Radius_11A_N_Count,Radius_11A_CA_C_Count,Radius_11A_O_Count,Radius_11A_S_Count,Number of H-Bonds as donor,Number of H-Bonds as acceptor,SASA_Value
0.0,0.0,0.0,1.0,0,-0.4540529263987177,0.9998837594300588,0.9768821251152932,0.035984,-0.169386,0.177823,0.43137254901960786,0.43939393939393945,0.44230769230769235,0.5,0.0,0.0,0.0
0.0,0.0,0.0,1.0,1,0.0,0.0,0.0,-0.512628,-0.464497,0.145408,0.43137254901960786,0.4595959595959596,0.4807692307692308,0.5,0.0,0.0,0.0
0.0,0.0,0.0,1.0,2,1.5301988876201675,8.326672684688674e-17,0.0,-0.367996,0.078686,-0.005358,0.5098039215686274,0.5555555555555557,0.5384615384615384,0.5,0.0,0.0,0.0
0.0,0.0,0.0,1.0,3,2.1607961114305407,1.0616727346167691,0.0,-0.350948,0.2783,-0.019074,0.5294117647058824,0.6060606060606062,0.6346153846153846,0.5,0.0,0.0,0.0
0.0,0.0,0.0,1.0,4,-0.4946898547778187,1.9687117238896767,0.6307713098986294,0.17272,-0.137115,0.163919,0.39215686274509803,0.4444444444444445,0.4807692307692308,0.5,0.0,0.0,0.0
0.0,0.0,0.0,1.0,4,-0.3646219752177047,-1.0054088428509602,0.3353583537015787,-0.396856,0.092281,-0.285516,0.3333333333333333,0.42929292929292934,0.42307692307692313,0.5,0.0,0.0,0.07433008
0.0,0.0,0.0,1.0,5,-0.542497907653726,0.2899141702056426,-1.4330064997016947,-0.117022,-0.018583,0.133615,0.4117647058823529,0.43434343434343436,0.46153846153846156,0.5,0.0,0.0,0.0
0.0,0.0,0.0,1.0,5,-0.2218228075226881,-0.8207145006647387,-2.4774509581261905,0.052399,-0.071043,-0.134986,0.37254901960784315,0.4040404040404041,0.38461538461538464,0.5,0.0,0.0,0.0
0.0,0.0,0.0,1.0,5,-0.9675545934996848,-0.5902874519494377,-3.814706887722659,0.113173,-0.391662,-0.05838,0.3333333333333333,0.3484848484848485,0.42307692307692313,0.5,0.0,0.0,0.0037738383
0.0,0.0,0.0,1.0,5,-0.4097175105799875,-1.316503841365283,-5.056172049251349,-0.310322,0.30273,-0.257533,0.39215686274509803,0.398989898989899,0.38461538461538464,0.5,0.0,0.0,0.006289731
0.0,0.0,0.0,1.0,6,-0.4839501579390917,-2.76552117142751,-5.033346519632234,-0.103506,0.358257,-0.144285,0.39215686274509803,0.3888888888888889,0.3653846153846154,0.5,0.0,0.0,0.0034174644
0.0,0.0,0.0,1.0,7,-0.1397011715349411,1.2714272132760756,-1.781540085772924,0.05059,-0.018493,-0.03034,0.45098039215686275,0.48484848484848486,0.5384615384615384,0.5,0.0,0.0,0.015927874
0.0,0.0,0.0,1.0,7,-1.6493423524769106,0.4188502030819575,-1.3655125485418038,-0.00388,-0.034329,-0.043775,0.4117647058823529,0.3484848484848485,0.3653846153846154,0.5,0.0,0.0,0.15042992
0.0,0.0,0.0,1.0,7,-0.5011807240545878,-1.8180540173697104,-2.0596188718670683,-0.040749,-0.023449,-0.033708,0.3333333333333333,0.393939393939394,0.3653846153846154,0.5,0.0,0.0,0.099106774
0.0,0.0,0.0,1.0,7,0.8812665850073027,-0.8553955004375869,-2.644886733298553,0.039129,0.026337,-0.027788,0.4117647058823529,0.5000000000000001,0.5192307692307693,0.5,0.0,0.0,0.0
0.0,0.0,0.0,1.0,7,-0.9482765550932664,0.5005212305523639,-4.050778098146305,0.008506,-0.041972,0.029535,0.39215686274509803,0.398989898989899,0.42307692307692313,0.5,0.0,0.0,0.13096252
0.0,0.0,0.0,1.0,7,-2.047029818854193,-0.8429829207044199,-3.6860436746797256,-0.058784,-0.06369,0.008959,0.29411764705882354,0.297979797979798,0.3269230769230769,0.5,0.0,0.0,0.18317056
0.0,0.0,0.0,1.0,7,0.6451617874199185,-1.0155180910402828,-5.246683515272484,-0.071779,0.05216,-0.011489,0.4117647058823529,0.47474747474747475,0.46153846153846156,0.5,0.0,0.0,0.007079055
0.0,0.0,0.0,1.0,7,-0.9885082779268556,-0.98640650676385,-5.951396282875558,-0.053545,0.106083,-0.055088,0.37254901960784315,0.36363636363636365,0.3461538461538462,0.5,0.0,0.0,0.23360881
0.0,0.0,0.0,1.0,7,-0.1770543252827487,-3.1288428120480525,-5.935208421360525,-0.042167,0.348076,0.090459,0.3529411764705882,0.393939393939394,0.42307692307692313,0.5,0.0,0.0,0.0681359
0.0,0.0,0.0,1.0,7,-1.4170765926757445,-3.145189705695272,-4.911568265992136,0.029088,0.121852,-0.019943,0.3333333333333333,0.3383838383838384,0.3076923076923077,0.5,0.0,0.0,0.23537858
0.0,0.0,0.0,1.0,7,0.1006025667862149,-3.281430723254024,-4.379021801638647,-0.145792,0.288032,-0.100535,0.4117647058823529,0.43939393939393945,0.4038461538461539,0.5,0.0,0.0,0.030085985
