Residue Name_Aspartate,Residue Name_Glutamate,Residue Name_Histidine,Residue Name_Lysine,atom_label,recalculated_x,recalculated_y,recalculated_z,Dipole_X,Dipole_Y,Dipole_Z,Radius_11A_N_Count,Radius_11A_CA_C_Count,Radius_11A_O_Count,Radius_11A_S_Count,Number of H-Bonds as donor,Number of H-Bonds as acceptor,SASA_Value,Expt. pKa
0,0,1,0,0,-0.48326224,1.320393341,0.373560759,0.299005,0.158512,-0.041037,0.688888888888889,0.6818181818181819,0.6222222222222222,0.0,0,0,0.0,6.8
0,0,1,0,1,0.0,0.0,0.0,-0.327357,0.305954,-0.307402,0.6222222222222222,0.7329545454545455,0.7111111111111111,0.0,0,0,0.0,6.8
0,0,1,0,2,1.545581034,-4.42e-17,-8.28e-17,-0.248853,-0.388902,-0.026502,0.6444444444444445,0.7613636363636364,0.6888888888888889,0.0,0,0,0.0,6.8
0,0,1,0,3,2.188016261,1.056994014,-1.41e-16,-0.249355,-0.341984,0.01453,0.6444444444444445,0.7386363636363636,0.6888888888888889,0.0,0,0,0.0,6.8
0,0,1,0,4,0.075213367,2.066848911,-0.06411853,0.430489,0.152438,-0.060616,0.6666666666666667,0.6761363636363636,0.5555555555555556,0.0,0,0,0.0,6.8
0,0,1,0,4,-0.336193249,-0.752163533,0.751577868,-0.302666,-0.226761,0.175815,0.5555555555555556,0.7386363636363636,0.7555555555555555,0.0,0,0,0.0,6.8
0,0,1,0,5,-0.518377588,-0.362614156,-1.429129385,-0.166925,-0.11488,-0.314822,0.6444444444444445,0.6875,0.6444444444444445,0.0,0,0,0.0,6.8
0,0,1,0,5,-1.97962633,-0.658431435,-1.626260671,-0.1396,0.073915,-0.135582,0.6000000000000001,0.6590909090909091,0.5777777777777778,0.0,0,0,0.0,6.8
0,0,1,0,6,-2.99023648,0.279080617,-1.561055663,-0.071585,0.089253,-0.081507,0.5555555555555556,0.5795454545454546,0.5777777777777778,0.0,0,0,0.0,6.8
0,0,1,0,5,-2.594340589,-1.837459132,-2.004778569,-0.042009,-0.064168,-0.103382,0.6444444444444445,0.6647727272727273,0.6,0.0,0,0,0.025158923,6.8
0,0,1,0,5,-4.174470898,-0.302201167,-1.870309713,0.038511,0.130627,-0.301127,0.5111111111111112,0.5625,0.5777777777777778,0.0,0,0,0.0,6.8
0,0,1,0,6,-3.932123736,-1.593629435,-2.149927964,0.021959,0.056251,-0.072138,0.5777777777777778,0.5909090909090909,0.6666666666666667,0.0,0,0,0.015948167,6.8
0,0,1,0,7,0.031320754,-1.262706039,-1.791126736,-0.051186,0.035946,-0.02192,0.6222222222222222,0.7272727272727273,0.6222222222222222,0.0,0,0,0.0,6.8
0,0,1,0,7,-0.233149761,0.4480282,-2.142490298,-0.045835,0.009618,0.012731,0.5555555555555556,0.625,0.6222222222222222,0.0,0,0,0.0,6.8
0,0,1,0,7,-2.874525205,1.289149784,-1.393923645,0.072258,0.189289,-0.045458,0.5111111111111112,0.5625,0.6,0.0,0,0,0.0,6.8
0,0,1,0,7,-2.171553779,-2.80717867,-2.212035355,-0.081141,-0.192864,-0.008123,0.6666666666666667,0.7272727272727273,0.6222222222222222,0.0,0,0,0.0,6.8
0,0,1,0,7,-5.115857048,0.194188596,-2.025571373,0.205688,-0.022414,-0.331629,0.4888888888888889,0.5170454545454546,0.5111111111111112,0.0,0,0,0.002654646,6.8
0,0,1,0,7,-4.638947409,-2.277288875,-2.474384894,-0.018696,0.001474,-0.019724,0.5555555555555556,0.5454545454545455,0.6222222222222222,0.1666666666666666,0,0,0.15750897,6.8
